{"message": "Reading tasks from database", "url": null, "method": null, "timestamp": "2026-01-27 14:24:29,746", "logger_name": "db_logger"}
{"message": "Creating task: i want banana", "url": null, "method": null, "timestamp": "2026-01-27 14:24:57,994", "logger_name": "db_logger"}
{"message": "Creating task: i want banana", "url": null, "method": null, "timestamp": "2026-01-27 14:25:10,996", "logger_name": "db_logger"}
{"message": "Establishing database connection...", "url": null, "method": null, "timestamp": "2026-01-27 18:24:05,433", "logger_name": "db_logger"}
{"message": "Database operation failed: (psycopg.InterfaceError) Psycopg cannot use the 'ProactorEventLoop' to run in async mode. Please use a compatible event loop, for instance by setting 'asyncio.set_event_loop_policy(WindowsSelectorEventLoopPolicy())'\n(Background on this error at: https://sqlalche.me/e/20/rvf5)", "url": null, "method": null, "timestamp": "2026-01-27 18:24:05,436", "logger_name": "db_logger"}
{"message": "Closing database connection...", "url": null, "method": null, "timestamp": "2026-01-27 18:24:05,437", "logger_name": "db_logger"}
{"message": "Creating task: i want banana", "url": null, "method": null, "timestamp": "2026-01-27 19:35:17,679", "logger_name": "db_logger"}
{"message": "Establishing database connection...", "url": null, "method": null, "timestamp": "2026-01-27 19:35:17,680", "logger_name": "db_logger"}
{"message": "Database operation failed: (psycopg.errors.ForeignKeyViolation) insert or update on table \"tasks\" violates foreign key constraint \"tasks_category_name_fkey\"\nDETAIL:  Key (category_name)=(racoon) is not present in table \"categories\".\n[SQL: INSERT INTO tasks (category_name, deadline, status, description) VALUES (%(category_name)s::VARCHAR, %(deadline)s::TIMESTAMP WITHOUT TIME ZONE, %(status)s::VARCHAR, %(description)s::VARCHAR) RETURNING tasks.task_id, tasks.created_at]\n[parameters: {'category_name': 'racoon', 'deadline': None, 'status': 'in_progress', 'description': 'i want banana'}]\n(Background on this error at: https://sqlalche.me/e/20/gkpj)", "url": null, "method": null, "timestamp": "2026-01-27 19:35:17,706", "logger_name": "db_logger"}
{"message": "Closing database connection...", "url": null, "method": null, "timestamp": "2026-01-27 19:35:17,707", "logger_name": "db_logger"}
{"message": "Creating category: racoon", "url": null, "method": null, "timestamp": "2026-01-27 20:41:24,418", "logger_name": "db_logger"}
{"message": "Establishing database connection...", "url": null, "method": null, "timestamp": "2026-01-27 20:41:24,418", "logger_name": "db_logger"}
{"message": "Closing database connection...", "url": null, "method": null, "timestamp": "2026-01-27 20:41:24,438", "logger_name": "db_logger"}
{"message": "Creating task: i want banana", "url": null, "method": null, "timestamp": "2026-01-27 20:43:13,874", "logger_name": "db_logger"}
{"message": "Establishing database connection...", "url": null, "method": null, "timestamp": "2026-01-27 20:43:13,874", "logger_name": "db_logger"}
{"message": "Closing database connection...", "url": null, "method": null, "timestamp": "2026-01-27 20:43:13,921", "logger_name": "db_logger"}
{"message": "Reading tasks from database", "url": null, "method": null, "timestamp": "2026-01-27 20:43:39,559", "logger_name": "db_logger"}
{"message": "Establishing database connection...", "url": null, "method": null, "timestamp": "2026-01-27 20:43:39,559", "logger_name": "db_logger"}
{"message": "Closing database connection...", "url": null, "method": null, "timestamp": "2026-01-27 20:43:39,598", "logger_name": "db_logger"}
{"message": "Creating category: _test_integration", "url": null, "method": null, "timestamp": "2026-08-10 11:26:01,879", "logger_name": "db_logger"}
{"message": "Establishing database connection...", "url": null, "method": null, "timestamp": "2026-08-10 11:26:01,880", "logger_name": "db_logger"}
{"message": "Closing database connection...", "url": null, "method": null, "timestamp": "2026-08-10 11:26:02,089", "logger_name": "db_logger"}
{"message": "Reading categories from database", "url": null, "method": null, "timestamp": "2026-08-10 11:26:02,092", "logger_name": "db_logger"}
{"message": "Establishing database connection...", "url": null, "method": null, "timestamp": "2026-08-10 11:26:02,093", "logger_name": "db_logger"}
{"message": "Closing database connection...", "url": null, "method": null, "timestamp": "2026-08-10 11:26:02,123", "logger_name": "db_logger"}
{"message": "Creating category: _test_integration", "url": null, "method": null, "timestamp": "2026-08-10 11:26:02,264", "logger_name": "db_logger"}
{"message": "Establishing database connection...", "url": null, "method": null, "timestamp": "2026-08-10 11:26:02,264", "logger_name": "db_logger"}
{"message": "Database operation failed: (psycopg.errors.UniqueViolation) duplicate key value violates unique constraint \"categories_pkey\"\nDETAIL:  Key (category_name)=(_test_integration) already exists.\n[SQL: INSERT INTO categories (category_name) VALUES (%(category_name)s::VARCHAR)]\n[parameters: {'category_name': '_test_integration'}]\n(Background on this error at: https://sqlalche.me/e/20/gkpj)", "url": null, "method": null, "timestamp": "2026-08-10 11:26:02,301", "logger_name": "db_logger"}
{"message": "Closing database connection...", "url": null, "method": null, "timestamp": "2026-08-10 11:26:02,302", "logger_name": "db_logger"}
{"message": "Deleting category: _does_not_exist_xyz", "url": null, "method": null, "timestamp": "2026-08-10 11:26:02,306", "logger_name": "db_logger"}
{"message": "Establishing database connection...", "url": null, "method": null, "timestamp": "2026-08-10 11:26:02,307", "logger_name": "db_logger"}
{"message": "Closing database connection...", "url": null, "method": null, "timestamp": "2026-08-10 11:26:02,341", "logger_name": "db_logger"}
{"message": "Reading tasks from database", "url": null, "method": null, "timestamp": "2026-08-10 11:26:02,431", "logger_name": "db_logger"}
{"message": "Establishing database connection...", "url": null, "method": null, "timestamp": "2026-08-10 11:26:02,431", "logger_name": "db_logger"}
{"message": "Closing database connection...", "url": null, "method": null, "timestamp": "2026-08-10 11:26:02,577", "logger_name": "db_logger"}
{"message": "Creating task: create test", "url": null, "method": null, "timestamp": "2026-08-10 11:26:02,583", "logger_name": "db_logger"}
{"message": "Establishing database connection...", "url": null, "method": null, "timestamp": "2026-08-10 11:26:02,583", "logger_name": "db_logger"}
{"message": "Closing database connection...", "url": null, "method": null, "timestamp": "2026-08-10 11:26:02,628", "logger_name": "db_logger"}
{"message": "Creating task: None", "url": null, "method": null, "timestamp": "2026-08-10 11:26:02,633", "logger_name": "db_logger"}
{"message": "Establishing database connection...", "url": null, "method": null, "timestamp": "2026-08-10 11:26:02,633", "logger_name": "db_logger"}
{"message": "Database operation failed: (psycopg.errors.ForeignKeyViolation) insert or update on table \"tasks\" violates foreign key constraint \"tasks_category_name_fkey\"\nDETAIL:  Key (category_name)=(_nonexistent_cat_xyz) is not present in table \"categories\".\n[SQL: INSERT INTO tasks (category_name, deadline, status, description) VALUES (%(category_name)s::VARCHAR, %(deadline)s::TIMESTAMP WITHOUT TIME ZONE, %(status)s::VARCHAR, %(description)s::VARCHAR) RETURNING tasks.task_id, tasks.created_at]\n[parameters: {'category_name': '_nonexistent_cat_xyz', 'deadline': None, 'status': 'open', 'description': None}]\n(Background on this error at: https://sqlalche.me/e/20/gkpj)", "url": null, "method": null, "timestamp": "2026-08-10 11:26:02,783", "logger_name": "db_logger"}
{"message": "Closing database connection...", "url": null, "method": null, "timestamp": "2026-08-10 11:26:02,784", "logger_name": "db_logger"}
{"message": "Creating task: update test", "url": null, "method": null, "timestamp": "2026-08-10 11:26:02,789", "logger_name": "db_logger"}
{"message": "Establishing database connection...", "url": null, "method": null, "timestamp": "2026-08-10 11:26:02,789", "logger_name": "db_logger"}
{"message": "Closing database connection...", "url": null, "method": null, "timestamp": "2026-08-10 11:26:02,933", "logger_name": "db_logger"}
{"message": "Updating task ID 3", "url": null, "method": null, "timestamp": "2026-08-10 11:26:02,935", "logger_name": "db_logger"}
{"message": "Establishing database connection...", "url": null, "method": null, "timestamp": "2026-08-10 11:26:02,935", "logger_name": "db_logger"}
{"message": "Database operation failed: greenlet_spawn has not been called; can't call await_only() here. Was IO attempted in an unexpected place? (Background on this error at: https://sqlalche.me/e/20/xd2s)", "url": null, "method": null, "timestamp": "2026-08-10 11:26:02,968", "logger_name": "db_logger"}
{"message": "Closing database connection...", "url": null, "method": null, "timestamp": "2026-08-10 11:26:02,968", "logger_name": "db_logger"}
{"message": "Updating task ID 999999", "url": null, "method": null, "timestamp": "2026-08-10 11:26:02,979", "logger_name": "db_logger"}
{"message": "Establishing database connection...", "url": null, "method": null, "timestamp": "2026-08-10 11:26:02,979", "logger_name": "db_logger"}
{"message": "Closing database connection...", "url": null, "method": null, "timestamp": "2026-08-10 11:26:03,117", "logger_name": "db_logger"}
{"message": "Creating task: delete test", "url": null, "method": null, "timestamp": "2026-08-10 11:26:03,127", "logger_name": "db_logger"}
{"message": "Establishing database connection...", "url": null, "method": null, "timestamp": "2026-08-10 11:26:03,127", "logger_name": "db_logger"}
{"message": "Closing database connection...", "url": null, "method": null, "timestamp": "2026-08-10 11:26:03,243", "logger_name": "db_logger"}
{"message": "Deleting task ID 4", "url": null, "method": null, "timestamp": "2026-08-10 11:26:03,244", "logger_name": "db_logger"}
{"message": "Establishing database connection...", "url": null, "method": null, "timestamp": "2026-08-10 11:26:03,245", "logger_name": "db_logger"}
{"message": "Closing database connection...", "url": null, "method": null, "timestamp": "2026-08-10 11:26:03,283", "logger_name": "db_logger"}
{"message": "Deleting task ID 999999", "url": null, "method": null, "timestamp": "2026-08-10 11:26:03,288", "logger_name": "db_logger"}
{"message": "Establishing database connection...", "url": null, "method": null, "timestamp": "2026-08-10 11:26:03,288", "logger_name": "db_logger"}
{"message": "Closing database connection...", "url": null, "method": null, "timestamp": "2026-08-10 11:26:03,289", "logger_name": "db_logger"}
{"message": "Creating task: transition test open->in_progress", "url": null, "method": null, "timestamp": "2026-08-10 11:26:03,298", "logger_name": "db_logger"}
{"message": "Establishing database connection...", "url": null, "method": null, "timestamp": "2026-08-10 11:26:03,298", "logger_name": "db_logger"}
{"message": "Closing database connection...", "url": null, "method": null, "timestamp": "2026-08-10 11:26:03,450", "logger_name": "db_logger"}
{"message": "Updating task ID 5", "url": null, "method": null, "timestamp": "2026-08-10 11:26:03,452", "logger_name": "db_logger"}
{"message": "Establishing database connection...", "url": null, "method": null, "timestamp": "2026-08-10 11:26:03,452", "logger_name": "db_logger"}
{"message": "Database operation failed: greenlet_spawn has not been called; can't call await_only() here. Was IO attempted in an unexpected place? (Background on this error at: https://sqlalche.me/e/20/xd2s)", "url": null, "method": null, "timestamp": "2026-08-10 11:26:03,483", "logger_name": "db_logger"}
{"message": "Closing database connection...", "url": null, "method": null, "timestamp": "2026-08-10 11:26:03,483", "logger_name": "db_logger"}
{"message": "Creating task: transition test in_progress->done", "url": null, "method": null, "timestamp": "2026-08-10 11:26:03,492", "logger_name": "db_logger"}
{"message": "Establishing database connection...", "url": null, "method": null, "timestamp": "2026-08-10 11:26:03,493", "logger_name": "db_logger"}
{"message": "Closing database connection...", "url": null, "method": null, "timestamp": "2026-08-10 11:26:03,636", "logger_name": "db_logger"}
{"message": "Updating task ID 6", "url": null, "method": null, "timestamp": "2026-08-10 11:26:03,637", "logger_name": "db_logger"}
{"message": "Establishing database connection...", "url": null, "method": null, "timestamp": "2026-08-10 11:26:03,637", "logger_name": "db_logger"}
{"message": "Database operation failed: greenlet_spawn has not been called; can't call await_only() here. Was IO attempted in an unexpected place? (Background on this error at: https://sqlalche.me/e/20/xd2s)", "url": null, "method": null, "timestamp": "2026-08-10 11:26:03,669", "logger_name": "db_logger"}
{"message": "Closing database connection...", "url": null, "method": null, "timestamp": "2026-08-10 11:26:03,669", "logger_name": "db_logger"}
{"message": "Updating task ID 6", "url": null, "method": null, "timestamp": "2026-08-10 11:26:03,670", "logger_name": "db_logger"}
{"message": "Establishing database connection...", "url": null, "method": null, "timestamp": "2026-08-10 11:26:03,671", "logger_name": "db_logger"}
{"message": "Database operation failed: greenlet_spawn has not been called; can't call await_only() here. Was IO attempted in an unexpected place? (Background on this error at: https://sqlalche.me/e/20/xd2s)", "url": null, "method": null, "timestamp": "2026-08-10 11:26:03,702", "logger_name": "db_logger"}
{"message": "Closing database connection...", "url": null, "method": null, "timestamp": "2026-08-10 11:26:03,702", "logger_name": "db_logger"}
{"message": "Creating task: multi-session time test", "url": null, "method": null, "timestamp": "2026-08-10 11:26:03,723", "logger_name": "db_logger"}
{"message": "Establishing database connection...", "url": null, "method": null, "timestamp": "2026-08-10 11:26:03,723", "logger_name": "db_logger"}
{"message": "Closing database connection...", "url": null, "method": null, "timestamp": "2026-08-10 11:26:03,762", "logger_name": "db_logger"}
{"message": "Updating task ID 7", "url": null, "method": null, "timestamp": "2026-08-10 11:26:03,763", "logger_name": "db_logger"}
{"message": "Establishing database connection...", "url": null, "method": null, "timestamp": "2026-08-10 11:26:03,764", "logger_name": "db_logger"}
{"message": "Database operation failed: greenlet_spawn has not been called; can't call await_only() here. Was IO attempted in an unexpected place? (Background on this error at: https://sqlalche.me/e/20/xd2s)", "url": null, "method": null, "timestamp": "2026-08-10 11:26:03,796", "logger_name": "db_logger"}
{"message": "Closing database connection...", "url": null, "method": null, "timestamp": "2026-08-10 11:26:03,796", "logger_name": "db_logger"}
{"message": "Updating task ID 7", "url": null, "method": null, "timestamp": "2026-08-10 11:26:03,797", "logger_name": "db_logger"}
{"message": "Establishing database connection...", "url": null, "method": null, "timestamp": "2026-08-10 11:26:03,797", "logger_name": "db_logger"}
{"message": "Database operation failed: greenlet_spawn has not been called; can't call await_only() here. Was IO attempted in an unexpected place? (Background on this error at: https://sqlalche.me/e/20/xd2s)", "url": null, "method": null, "timestamp": "2026-08-10 11:26:03,829", "logger_name": "db_logger"}
{"message": "Closing database connection...", "url": null, "method": null, "timestamp": "2026-08-10 11:26:03,829", "logger_name": "db_logger"}
{"message": "Establishing database connection...", "url": null, "method": null, "timestamp": "2026-08-10 11:26:03,830", "logger_name": "db_logger"}
{"message": "Creating category: _test_integration", "url": null, "method": null, "timestamp": "2026-08-10 11:26:50,761", "logger_name": "db_logger"}
{"message": "Establishing database connection...", "url": null, "method": null, "timestamp": "2026-08-10 11:26:50,761", "logger_name": "db_logger"}
{"message": "Database operation failed: (psycopg.errors.UniqueViolation) duplicate key value violates unique constraint \"categories_pkey\"\nDETAIL:  Key (category_name)=(_test_integration) already exists.\n[SQL: INSERT INTO categories (category_name) VALUES (%(category_name)s::VARCHAR)]\n[parameters: {'category_name': '_test_integration'}]\n(Background on this error at: https://sqlalche.me/e/20/gkpj)", "url": null, "method": null, "timestamp": "2026-08-10 11:26:50,853", "logger_name": "db_logger"}
{"message": "Closing database connection...", "url": null, "method": null, "timestamp": "2026-08-10 11:26:50,853", "logger_name": "db_logger"}
{"message": "Reading categories from database", "url": null, "method": null, "timestamp": "2026-08-10 11:26:50,856", "logger_name": "db_logger"}
{"message": "Establishing database connection...", "url": null, "method": null, "timestamp": "2026-08-10 11:26:50,856", "logger_name": "db_logger"}
{"message": "Closing database connection...", "url": null, "method": null, "timestamp": "2026-08-10 11:26:50,887", "logger_name": "db_logger"}
{"message": "Creating category: _test_integration", "url": null, "method": null, "timestamp": "2026-08-10 11:26:50,893", "logger_name": "db_logger"}
{"message": "Establishing database connection...", "url": null, "method": null, "timestamp": "2026-08-10 11:26:50,893", "logger_name": "db_logger"}
{"message": "Database operation failed: (psycopg.errors.UniqueViolation) duplicate key value violates unique constraint \"categories_pkey\"\nDETAIL:  Key (category_name)=(_test_integration) already exists.\n[SQL: INSERT INTO categories (category_name) VALUES (%(category_name)s::VARCHAR)]\n[parameters: {'category_name': '_test_integration'}]\n(Background on this error at: https://sqlalche.me/e/20/gkpj)", "url": null, "method": null, "timestamp": "2026-08-10 11:26:51,035", "logger_name": "db_logger"}
{"message": "Closing database connection...", "url": null, "method": null, "timestamp": "2026-08-10 11:26:51,035", "logger_name": "db_logger"}
{"message": "Deleting category: _does_not_exist_xyz", "url": null, "method": null, "timestamp": "2026-08-10 11:26:51,040", "logger_name": "db_logger"}
{"message": "Establishing database connection...", "url": null, "method": null, "timestamp": "2026-08-10 11:26:51,040", "logger_name": "db_logger"}
{"message": "Closing database connection...", "url": null, "method": null, "timestamp": "2026-08-10 11:26:51,072", "logger_name": "db_logger"}
{"message": "Reading tasks from database", "url": null, "method": null, "timestamp": "2026-08-10 11:26:51,158", "logger_name": "db_logger"}
{"message": "Establishing database connection...", "url": null, "method": null, "timestamp": "2026-08-10 11:26:51,159", "logger_name": "db_logger"}
{"message": "Closing database connection...", "url": null, "method": null, "timestamp": "2026-08-10 11:26:51,193", "logger_name": "db_logger"}
{"message": "Creating task: create test", "url": null, "method": null, "timestamp": "2026-08-10 11:26:51,199", "logger_name": "db_logger"}
{"message": "Establishing database connection...", "url": null, "method": null, "timestamp": "2026-08-10 11:26:51,199", "logger_name": "db_logger"}
{"message": "Closing database connection...", "url": null, "method": null, "timestamp": "2026-08-10 11:26:51,238", "logger_name": "db_logger"}
{"message": "Creating task: None", "url": null, "method": null, "timestamp": "2026-08-10 11:26:51,242", "logger_name": "db_logger"}
{"message": "Establishing database connection...", "url": null, "method": null, "timestamp": "2026-08-10 11:26:51,242", "logger_name": "db_logger"}
{"message": "Database operation failed: (psycopg.errors.ForeignKeyViolation) insert or update on table \"tasks\" violates foreign key constraint \"tasks_category_name_fkey\"\nDETAIL:  Key (category_name)=(_nonexistent_cat_xyz) is not present in table \"categories\".\n[SQL: INSERT INTO tasks (category_name, deadline, status, description) VALUES (%(category_name)s::VARCHAR, %(deadline)s::TIMESTAMP WITHOUT TIME ZONE, %(status)s::VARCHAR, %(description)s::VARCHAR) RETURNING tasks.task_id, tasks.created_at]\n[parameters: {'category_name': '_nonexistent_cat_xyz', 'deadline': None, 'status': 'open', 'description': None}]\n(Background on this error at: https://sqlalche.me/e/20/gkpj)", "url": null, "method": null, "timestamp": "2026-08-10 11:26:51,276", "logger_name": "db_logger"}
{"message": "Closing database connection...", "url": null, "method": null, "timestamp": "2026-08-10 11:26:51,276", "logger_name": "db_logger"}
{"message": "Creating task: update test", "url": null, "method": null, "timestamp": "2026-08-10 11:26:51,281", "logger_name": "db_logger"}
{"message": "Establishing database connection...", "url": null, "method": null, "timestamp": "2026-08-10 11:26:51,281", "logger_name": "db_logger"}
{"message": "Closing database connection...", "url": null, "method": null, "timestamp": "2026-08-10 11:26:51,317", "logger_name": "db_logger"}
{"message": "Updating task ID 10", "url": null, "method": null, "timestamp": "2026-08-10 11:26:51,318", "logger_name": "db_logger"}
{"message": "Establishing database connection...", "url": null, "method": null, "timestamp": "2026-08-10 11:26:51,319", "logger_name": "db_logger"}
{"message": "Database operation failed: greenlet_spawn has not been called; can't call await_only() here. Was IO attempted in an unexpected place? (Background on this error at: https://sqlalche.me/e/20/xd2s)", "url": null, "method": null, "timestamp": "2026-08-10 11:26:51,453", "logger_name": "db_logger"}
{"message": "Closing database connection...", "url": null, "method": null, "timestamp": "2026-08-10 11:26:51,453", "logger_name": "db_logger"}
{"message": "Updating task ID 999999", "url": null, "method": null, "timestamp": "2026-08-10 11:26:51,463", "logger_name": "db_logger"}
{"message": "Establishing database connection...", "url": null, "method": null, "timestamp": "2026-08-10 11:26:51,463", "logger_name": "db_logger"}
{"message": "Closing database connection...", "url": null, "method": null, "timestamp": "2026-08-10 11:26:51,610", "logger_name": "db_logger"}
{"message": "Creating task: delete test", "url": null, "method": null, "timestamp": "2026-08-10 11:26:51,619", "logger_name": "db_logger"}
{"message": "Establishing database connection...", "url": null, "method": null, "timestamp": "2026-08-10 11:26:51,619", "logger_name": "db_logger"}
{"message": "Closing database connection...", "url": null, "method": null, "timestamp": "2026-08-10 11:26:51,656", "logger_name": "db_logger"}
{"message": "Deleting task ID 11", "url": null, "method": null, "timestamp": "2026-08-10 11:26:51,657", "logger_name": "db_logger"}
{"message": "Establishing database connection...", "url": null, "method": null, "timestamp": "2026-08-10 11:26:51,657", "logger_name": "db_logger"}
{"message": "Closing database connection...", "url": null, "method": null, "timestamp": "2026-08-10 11:26:51,693", "logger_name": "db_logger"}
{"message": "Deleting task ID 999999", "url": null, "method": null, "timestamp": "2026-08-10 11:26:51,699", "logger_name": "db_logger"}
{"message": "Establishing database connection...", "url": null, "method": null, "timestamp": "2026-08-10 11:26:51,699", "logger_name": "db_logger"}
{"message": "Closing database connection...", "url": null, "method": null, "timestamp": "2026-08-10 11:26:51,700", "logger_name": "db_logger"}
{"message": "Creating task: transition test open->in_progress", "url": null, "method": null, "timestamp": "2026-08-10 11:26:51,708", "logger_name": "db_logger"}
{"message": "Establishing database connection...", "url": null, "method": null, "timestamp": "2026-08-10 11:26:51,708", "logger_name": "db_logger"}
{"message": "Closing database connection...", "url": null, "method": null, "timestamp": "2026-08-10 11:26:51,846", "logger_name": "db_logger"}
{"message": "Updating task ID 12", "url": null, "method": null, "timestamp": "2026-08-10 11:26:51,847", "logger_name": "db_logger"}
{"message": "Establishing database connection...", "url": null, "method": null, "timestamp": "2026-08-10 11:26:51,847", "logger_name": "db_logger"}
{"message": "Database operation failed: greenlet_spawn has not been called; can't call await_only() here. Was IO attempted in an unexpected place? (Background on this error at: https://sqlalche.me/e/20/xd2s)", "url": null, "method": null, "timestamp": "2026-08-10 11:26:51,880", "logger_name": "db_logger"}
{"message": "Closing database connection...", "url": null, "method": null, "timestamp": "2026-08-10 11:26:51,880", "logger_name": "db_logger"}
{"message": "Creating task: transition test in_progress->done", "url": null, "method": null, "timestamp": "2026-08-10 11:26:51,889", "logger_name": "db_logger"}
{"message": "Establishing database connection...", "url": null, "method": null, "timestamp": "2026-08-10 11:26:51,889", "logger_name": "db_logger"}
{"message": "Closing database connection...", "url": null, "method": null, "timestamp": "2026-08-10 11:26:52,034", "logger_name": "db_logger"}
{"message": "Updating task ID 13", "url": null, "method": null, "timestamp": "2026-08-10 11:26:52,035", "logger_name": "db_logger"}
{"message": "Establishing database connection...", "url": null, "method": null, "timestamp": "2026-08-10 11:26:52,035", "logger_name": "db_logger"}
{"message": "Database operation failed: greenlet_spawn has not been called; can't call await_only() here. Was IO attempted in an unexpected place? (Background on this error at: https://sqlalche.me/e/20/xd2s)", "url": null, "method": null, "timestamp": "2026-08-10 11:26:52,170", "logger_name": "db_logger"}
{"message": "Closing database connection...", "url": null, "method": null, "timestamp": "2026-08-10 11:26:52,170", "logger_name": "db_logger"}
{"message": "Updating task ID 13", "url": null, "method": null, "timestamp": "2026-08-10 11:26:52,172", "logger_name": "db_logger"}
{"message": "Establishing database connection...", "url": null, "method": null, "timestamp": "2026-08-10 11:26:52,172", "logger_name": "db_logger"}
{"message": "Database operation failed: greenlet_spawn has not been called; can't call await_only() here. Was IO attempted in an unexpected place? (Background on this error at: https://sqlalche.me/e/20/xd2s)", "url": null, "method": null, "timestamp": "2026-08-10 11:26:52,203", "logger_name": "db_logger"}
{"message": "Closing database connection...", "url": null, "method": null, "timestamp": "2026-08-10 11:26:52,203", "logger_name": "db_logger"}
{"message": "Creating task: multi-session time test", "url": null, "method": null, "timestamp": "2026-08-10 11:26:52,212", "logger_name": "db_logger"}
{"message": "Establishing database connection...", "url": null, "method": null, "timestamp": "2026-08-10 11:26:52,212", "logger_name": "db_logger"}
{"message": "Creating category: _test_integration", "url": null, "method": null, "timestamp": "2026-08-10 11:27:35,112", "logger_name": "db_logger"}
{"message": "Establishing database connection...", "url": null, "method": null, "timestamp": "2026-08-10 11:27:35,113", "logger_name": "db_logger"}
{"message": "Database operation failed: (psycopg.errors.UniqueViolation) duplicate key value violates unique constraint \"categories_pkey\"\nDETAIL:  Key (category_name)=(_test_integration) already exists.\n[SQL: INSERT INTO categories (category_name) VALUES (%(category_name)s::VARCHAR)]\n[parameters: {'category_name': '_test_integration'}]\n(Background on this error at: https://sqlalche.me/e/20/gkpj)", "url": null, "method": null, "timestamp": "2026-08-10 11:27:35,186", "logger_name": "db_logger"}
{"message": "Closing database connection...", "url": null, "method": null, "timestamp": "2026-08-10 11:27:35,187", "logger_name": "db_logger"}
{"message": "Reading categories from database", "url": null, "method": null, "timestamp": "2026-08-10 11:27:35,189", "logger_name": "db_logger"}
{"message": "Establishing database connection...", "url": null, "method": null, "timestamp": "2026-08-10 11:27:35,189", "logger_name": "db_logger"}
{"message": "Closing database connection...", "url": null, "method": null, "timestamp": "2026-08-10 11:27:35,222", "logger_name": "db_logger"}
{"message": "Creating category: _test_integration", "url": null, "method": null, "timestamp": "2026-08-10 11:27:35,228", "logger_name": "db_logger"}
{"message": "Establishing database connection...", "url": null, "method": null, "timestamp": "2026-08-10 11:27:35,229", "logger_name": "db_logger"}
{"message": "Database operation failed: (psycopg.errors.UniqueViolation) duplicate key value violates unique constraint \"categories_pkey\"\nDETAIL:  Key (category_name)=(_test_integration) already exists.\n[SQL: INSERT INTO categories (category_name) VALUES (%(category_name)s::VARCHAR)]\n[parameters: {'category_name': '_test_integration'}]\n(Background on this error at: https://sqlalche.me/e/20/gkpj)", "url": null, "method": null, "timestamp": "2026-08-10 11:27:35,359", "logger_name": "db_logger"}
{"message": "Closing database connection...", "url": null, "method": null, "timestamp": "2026-08-10 11:27:35,359", "logger_name": "db_logger"}
{"message": "Deleting category: _does_not_exist_xyz", "url": null, "method": null, "timestamp": "2026-08-10 11:27:35,363", "logger_name": "db_logger"}
{"message": "Establishing database connection...", "url": null, "method": null, "timestamp": "2026-08-10 11:27:35,364", "logger_name": "db_logger"}
{"message": "Closing database connection...", "url": null, "method": null, "timestamp": "2026-08-10 11:27:35,395", "logger_name": "db_logger"}
{"message": "Reading tasks from database", "url": null, "method": null, "timestamp": "2026-08-10 11:27:35,484", "logger_name": "db_logger"}
{"message": "Establishing database connection...", "url": null, "method": null, "timestamp": "2026-08-10 11:27:35,485", "logger_name": "db_logger"}
{"message": "Closing database connection...", "url": null, "method": null, "timestamp": "2026-08-10 11:27:35,517", "logger_name": "db_logger"}
{"message": "Creating task: create test", "url": null, "method": null, "timestamp": "2026-08-10 11:27:35,524", "logger_name": "db_logger"}
{"message": "Establishing database connection...", "url": null, "method": null, "timestamp": "2026-08-10 11:27:35,524", "logger_name": "db_logger"}
{"message": "Closing database connection...", "url": null, "method": null, "timestamp": "2026-08-10 11:27:35,564", "logger_name": "db_logger"}
{"message": "Creating task: None", "url": null, "method": null, "timestamp": "2026-08-10 11:27:35,568", "logger_name": "db_logger"}
{"message": "Establishing database connection...", "url": null, "method": null, "timestamp": "2026-08-10 11:27:35,568", "logger_name": "db_logger"}
{"message": "Database operation failed: (psycopg.errors.ForeignKeyViolation) insert or update on table \"tasks\" violates foreign key constraint \"tasks_category_name_fkey\"\nDETAIL:  Key (category_name)=(_nonexistent_cat_xyz) is not present in table \"categories\".\n[SQL: INSERT INTO tasks (category_name, deadline, status, description) VALUES (%(category_name)s::VARCHAR, %(deadline)s::TIMESTAMP WITHOUT TIME ZONE, %(status)s::VARCHAR, %(description)s::VARCHAR) RETURNING tasks.task_id, tasks.created_at]\n[parameters: {'category_name': '_nonexistent_cat_xyz', 'deadline': None, 'status': 'open', 'description': None}]\n(Background on this error at: https://sqlalche.me/e/20/gkpj)", "url": null, "method": null, "timestamp": "2026-08-10 11:27:35,601", "logger_name": "db_logger"}
{"message": "Closing database connection...", "url": null, "method": null, "timestamp": "2026-08-10 11:27:35,601", "logger_name": "db_logger"}
{"message": "Creating task: update test", "url": null, "method": null, "timestamp": "2026-08-10 11:27:35,606", "logger_name": "db_logger"}
{"message": "Establishing database connection...", "url": null, "method": null, "timestamp": "2026-08-10 11:27:35,606", "logger_name": "db_logger"}
{"message": "Closing database connection...", "url": null, "method": null, "timestamp": "2026-08-10 11:27:35,754", "logger_name": "db_logger"}
{"message": "Updating task ID 16", "url": null, "method": null, "timestamp": "2026-08-10 11:27:35,756", "logger_name": "db_logger"}
{"message": "Establishing database connection...", "url": null, "method": null, "timestamp": "2026-08-10 11:27:35,756", "logger_name": "db_logger"}
{"message": "Database operation failed: greenlet_spawn has not been called; can't call await_only() here. Was IO attempted in an unexpected place? (Background on this error at: https://sqlalche.me/e/20/xd2s)", "url": null, "method": null, "timestamp": "2026-08-10 11:27:35,789", "logger_name": "db_logger"}
{"message": "Closing database connection...", "url": null, "method": null, "timestamp": "2026-08-10 11:27:35,789", "logger_name": "db_logger"}
{"message": "Updating task ID 999999", "url": null, "method": null, "timestamp": "2026-08-10 11:27:35,800", "logger_name": "db_logger"}
{"message": "Establishing database connection...", "url": null, "method": null, "timestamp": "2026-08-10 11:27:35,800", "logger_name": "db_logger"}
{"message": "Closing database connection...", "url": null, "method": null, "timestamp": "2026-08-10 11:27:35,936", "logger_name": "db_logger"}
{"message": "Creating task: delete test", "url": null, "method": null, "timestamp": "2026-08-10 11:27:35,946", "logger_name": "db_logger"}
{"message": "Establishing database connection...", "url": null, "method": null, "timestamp": "2026-08-10 11:27:35,946", "logger_name": "db_logger"}
{"message": "Closing database connection...", "url": null, "method": null, "timestamp": "2026-08-10 11:27:35,982", "logger_name": "db_logger"}
{"message": "Deleting task ID 17", "url": null, "method": null, "timestamp": "2026-08-10 11:27:35,983", "logger_name": "db_logger"}
{"message": "Establishing database connection...", "url": null, "method": null, "timestamp": "2026-08-10 11:27:35,983", "logger_name": "db_logger"}
{"message": "Closing database connection...", "url": null, "method": null, "timestamp": "2026-08-10 11:27:36,021", "logger_name": "db_logger"}
{"message": "Deleting task ID 999999", "url": null, "method": null, "timestamp": "2026-08-10 11:27:36,025", "logger_name": "db_logger"}
{"message": "Establishing database connection...", "url": null, "method": null, "timestamp": "2026-08-10 11:27:36,025", "logger_name": "db_logger"}
{"message": "Closing database connection...", "url": null, "method": null, "timestamp": "2026-08-10 11:27:36,027", "logger_name": "db_logger"}
{"message": "Creating task: transition test open->in_progress", "url": null, "method": null, "timestamp": "2026-08-10 11:27:36,034", "logger_name": "db_logger"}
{"message": "Establishing database connection...", "url": null, "method": null, "timestamp": "2026-08-10 11:27:36,035", "logger_name": "db_logger"}
{"message": "Closing database connection...", "url": null, "method": null, "timestamp": "2026-08-10 11:27:36,069", "logger_name": "db_logger"}
{"message": "Updating task ID 18", "url": null, "method": null, "timestamp": "2026-08-10 11:27:36,070", "logger_name": "db_logger"}
{"message": "Establishing database connection...", "url": null, "method": null, "timestamp": "2026-08-10 11:27:36,071", "logger_name": "db_logger"}
{"message": "Database operation failed: greenlet_spawn has not been called; can't call await_only() here. Was IO attempted in an unexpected place? (Background on this error at: https://sqlalche.me/e/20/xd2s)", "url": null, "method": null, "timestamp": "2026-08-10 11:27:36,100", "logger_name": "db_logger"}
{"message": "Closing database connection...", "url": null, "method": null, "timestamp": "2026-08-10 11:27:36,100", "logger_name": "db_logger"}
{"message": "Reading tasks from database", "url": null, "method": null, "timestamp": "2026-08-10 11:27:36,108", "logger_name": "db_logger"}
{"message": "Establishing database connection...", "url": null, "method": null, "timestamp": "2026-08-10 11:27:36,108", "logger_name": "db_logger"}
{"message": "Closing database connection...", "url": null, "method": null, "timestamp": "2026-08-10 11:27:36,245", "logger_name": "db_logger"}
{"message": "Deleting task ID 1", "url": null, "method": null, "timestamp": "2026-08-10 11:27:36,246", "logger_name": "db_logger"}
{"message": "Establishing database connection...", "url": null, "method": null, "timestamp": "2026-08-10 11:27:36,246", "logger_name": "db_logger"}
{"message": "Closing database connection...", "url": null, "method": null, "timestamp": "2026-08-10 11:27:36,284", "logger_name": "db_logger"}
{"message": "Deleting task ID 3", "url": null, "method": null, "timestamp": "2026-08-10 11:27:36,285", "logger_name": "db_logger"}
{"message": "Establishing database connection...", "url": null, "method": null, "timestamp": "2026-08-10 11:27:36,285", "logger_name": "db_logger"}
{"message": "Closing database connection...", "url": null, "method": null, "timestamp": "2026-08-10 11:27:36,288", "logger_name": "db_logger"}
{"message": "Deleting task ID 5", "url": null, "method": null, "timestamp": "2026-08-10 11:27:36,289", "logger_name": "db_logger"}
{"message": "Establishing database connection...", "url": null, "method": null, "timestamp": "2026-08-10 11:27:36,289", "logger_name": "db_logger"}
{"message": "Closing database connection...", "url": null, "method": null, "timestamp": "2026-08-10 11:27:36,292", "logger_name": "db_logger"}
{"message": "Deleting task ID 6", "url": null, "method": null, "timestamp": "2026-08-10 11:27:36,293", "logger_name": "db_logger"}
{"message": "Establishing database connection...", "url": null, "method": null, "timestamp": "2026-08-10 11:27:36,293", "logger_name": "db_logger"}
{"message": "Closing database connection...", "url": null, "method": null, "timestamp": "2026-08-10 11:27:36,295", "logger_name": "db_logger"}
{"message": "Deleting task ID 7", "url": null, "method": null, "timestamp": "2026-08-10 11:27:36,295", "logger_name": "db_logger"}
{"message": "Establishing database connection...", "url": null, "method": null, "timestamp": "2026-08-10 11:27:36,295", "logger_name": "db_logger"}
{"message": "Closing database connection...", "url": null, "method": null, "timestamp": "2026-08-10 11:27:36,298", "logger_name": "db_logger"}
{"message": "Deleting task ID 8", "url": null, "method": null, "timestamp": "2026-08-10 11:27:36,299", "logger_name": "db_logger"}
{"message": "Establishing database connection...", "url": null, "method": null, "timestamp": "2026-08-10 11:27:36,299", "logger_name": "db_logger"}
{"message": "Closing database connection...", "url": null, "method": null, "timestamp": "2026-08-10 11:27:36,303", "logger_name": "db_logger"}
{"message": "Deleting task ID 10", "url": null, "method": null, "timestamp": "2026-08-10 11:27:36,304", "logger_name": "db_logger"}
{"message": "Establishing database connection...", "url": null, "method": null, "timestamp": "2026-08-10 11:27:36,304", "logger_name": "db_logger"}
{"message": "Closing database connection...", "url": null, "method": null, "timestamp": "2026-08-10 11:27:36,307", "logger_name": "db_logger"}
{"message": "Deleting task ID 12", "url": null, "method": null, "timestamp": "2026-08-10 11:27:36,308", "logger_name": "db_logger"}
{"message": "Establishing database connection...", "url": null, "method": null, "timestamp": "2026-08-10 11:27:36,308", "logger_name": "db_logger"}
{"message": "Closing database connection...", "url": null, "method": null, "timestamp": "2026-08-10 11:27:36,310", "logger_name": "db_logger"}
{"message": "Deleting task ID 13", "url": null, "method": null, "timestamp": "2026-08-10 11:27:36,311", "logger_name": "db_logger"}
{"message": "Establishing database connection...", "url": null, "method": null, "timestamp": "2026-08-10 11:27:36,311", "logger_name": "db_logger"}
{"message": "Closing database connection...", "url": null, "method": null, "timestamp": "2026-08-10 11:27:36,314", "logger_name": "db_logger"}
{"message": "Deleting task ID 14", "url": null, "method": null, "timestamp": "2026-08-10 11:27:36,315", "logger_name": "db_logger"}
{"message": "Establishing database connection...", "url": null, "method": null, "timestamp": "2026-08-10 11:27:36,315", "logger_name": "db_logger"}
{"message": "Closing database connection...", "url": null, "method": null, "timestamp": "2026-08-10 11:27:36,318", "logger_name": "db_logger"}
{"message": "Deleting task ID 16", "url": null, "method": null, "timestamp": "2026-08-10 11:27:36,318", "logger_name": "db_logger"}
{"message": "Establishing database connection...", "url": null, "method": null, "timestamp": "2026-08-10 11:27:36,319", "logger_name": "db_logger"}
{"message": "Closing database connection...", "url": null, "method": null, "timestamp": "2026-08-10 11:27:36,322", "logger_name": "db_logger"}
{"message": "Deleting task ID 18", "url": null, "method": null, "timestamp": "2026-08-10 11:27:36,322", "logger_name": "db_logger"}
{"message": "Establishing database connection...", "url": null, "method": null, "timestamp": "2026-08-10 11:27:36,322", "logger_name": "db_logger"}
{"message": "Closing database connection...", "url": null, "method": null, "timestamp": "2026-08-10 11:27:36,325", "logger_name": "db_logger"}
{"message": "Deleting category: _test_integration", "url": null, "method": null, "timestamp": "2026-08-10 11:27:36,326", "logger_name": "db_logger"}
{"message": "Establishing database connection...", "url": null, "method": null, "timestamp": "2026-08-10 11:27:36,326", "logger_name": "db_logger"}
{"message": "Closing database connection...", "url": null, "method": null, "timestamp": "2026-08-10 11:27:36,331", "logger_name": "db_logger"}
{"message": "Creating category: _test_integration", "url": null, "method": null, "timestamp": "2026-08-10 11:31:06,438", "logger_name": "db_logger"}
{"message": "Establishing database connection...", "url": null, "method": null, "timestamp": "2026-08-10 11:31:06,438", "logger_name": "db_logger"}
{"message": "Closing database connection...", "url": null, "method": null, "timestamp": "2026-08-10 11:31:06,520", "logger_name": "db_logger"}
{"message": "Reading categories from database", "url": null, "method": null, "timestamp": "2026-08-10 11:31:06,523", "logger_name": "db_logger"}
{"message": "Establishing database connection...", "url": null, "method": null, "timestamp": "2026-08-10 11:31:06,523", "logger_name": "db_logger"}
{"message": "Closing database connection...", "url": null, "method": null, "timestamp": "2026-08-10 11:31:06,524", "logger_name": "db_logger"}
{"message": "Creating category: _test_integration", "url": null, "method": null, "timestamp": "2026-08-10 11:31:06,528", "logger_name": "db_logger"}
{"message": "Establishing database connection...", "url": null, "method": null, "timestamp": "2026-08-10 11:31:06,528", "logger_name": "db_logger"}
{"message": "Database operation failed: (psycopg.errors.UniqueViolation) duplicate key value violates unique constraint \"categories_pkey\"\nDETAIL:  Key (category_name)=(_test_integration) already exists.\n[SQL: INSERT INTO categories (category_name) VALUES (%(category_name)s::VARCHAR)]\n[parameters: {'category_name': '_test_integration'}]\n(Background on this error at: https://sqlalche.me/e/20/gkpj)", "url": null, "method": null, "timestamp": "2026-08-10 11:31:06,531", "logger_name": "db_logger"}
{"message": "Closing database connection...", "url": null, "method": null, "timestamp": "2026-08-10 11:31:06,531", "logger_name": "db_logger"}
{"message": "Deleting category: _does_not_exist_xyz", "url": null, "method": null, "timestamp": "2026-08-10 11:31:06,534", "logger_name": "db_logger"}
{"message": "Establishing database connection...", "url": null, "method": null, "timestamp": "2026-08-10 11:31:06,534", "logger_name": "db_logger"}
{"message": "Closing database connection...", "url": null, "method": null, "timestamp": "2026-08-10 11:31:06,536", "logger_name": "db_logger"}
{"message": "Reading tasks from database", "url": null, "method": null, "timestamp": "2026-08-10 11:31:06,540", "logger_name": "db_logger"}
{"message": "Establishing database connection...", "url": null, "method": null, "timestamp": "2026-08-10 11:31:06,540", "logger_name": "db_logger"}
{"message": "Closing database connection...", "url": null, "method": null, "timestamp": "2026-08-10 11:31:06,543", "logger_name": "db_logger"}
{"message": "Creating task: create test", "url": null, "method": null, "timestamp": "2026-08-10 11:31:06,547", "logger_name": "db_logger"}
{"message": "Establishing database connection...", "url": null, "method": null, "timestamp": "2026-08-10 11:31:06,547", "logger_name": "db_logger"}
{"message": "Closing database connection...", "url": null, "method": null, "timestamp": "2026-08-10 11:31:06,553", "logger_name": "db_logger"}
{"message": "Creating task: None", "url": null, "method": null, "timestamp": "2026-08-10 11:31:06,556", "logger_name": "db_logger"}
{"message": "Establishing database connection...", "url": null, "method": null, "timestamp": "2026-08-10 11:31:06,556", "logger_name": "db_logger"}
{"message": "Database operation failed: (psycopg.errors.ForeignKeyViolation) insert or update on table \"tasks\" violates foreign key constraint \"tasks_category_name_fkey\"\nDETAIL:  Key (category_name)=(_nonexistent_cat_xyz) is not present in table \"categories\".\n[SQL: INSERT INTO tasks (category_name, deadline, status, description) VALUES (%(category_name)s::VARCHAR, %(deadline)s::TIMESTAMP WITHOUT TIME ZONE, %(status)s::VARCHAR, %(description)s::VARCHAR) RETURNING tasks.task_id, tasks.created_at]\n[parameters: {'category_name': '_nonexistent_cat_xyz', 'deadline': None, 'status': 'open', 'description': None}]\n(Background on this error at: https://sqlalche.me/e/20/gkpj)", "url": null, "method": null, "timestamp": "2026-08-10 11:31:06,558", "logger_name": "db_logger"}
{"message": "Closing database connection...", "url": null, "method": null, "timestamp": "2026-08-10 11:31:06,558", "logger_name": "db_logger"}
{"message": "Creating task: update test", "url": null, "method": null, "timestamp": "2026-08-10 11:31:06,561", "logger_name": "db_logger"}
{"message": "Establishing database connection...", "url": null, "method": null, "timestamp": "2026-08-10 11:31:06,561", "logger_name": "db_logger"}
{"message": "Closing database connection...", "url": null, "method": null, "timestamp": "2026-08-10 11:31:06,565", "logger_name": "db_logger"}
{"message": "Updating task ID 21", "url": null, "method": null, "timestamp": "2026-08-10 11:31:06,566", "logger_name": "db_logger"}
{"message": "Establishing database connection...", "url": null, "method": null, "timestamp": "2026-08-10 11:31:06,566", "logger_name": "db_logger"}
{"message": "Database operation failed: greenlet_spawn has not been called; can't call await_only() here. Was IO attempted in an unexpected place? (Background on this error at: https://sqlalche.me/e/20/xd2s)", "url": null, "method": null, "timestamp": "2026-08-10 11:31:06,569", "logger_name": "db_logger"}
{"message": "Closing database connection...", "url": null, "method": null, "timestamp": "2026-08-10 11:31:06,569", "logger_name": "db_logger"}
{"message": "Updating task ID 999999", "url": null, "method": null, "timestamp": "2026-08-10 11:31:06,656", "logger_name": "db_logger"}
{"message": "Establishing database connection...", "url": null, "method": null, "timestamp": "2026-08-10 11:31:06,657", "logger_name": "db_logger"}
{"message": "Closing database connection...", "url": null, "method": null, "timestamp": "2026-08-10 11:31:06,659", "logger_name": "db_logger"}
{"message": "Creating task: delete test", "url": null, "method": null, "timestamp": "2026-08-10 11:31:06,662", "logger_name": "db_logger"}
{"message": "Establishing database connection...", "url": null, "method": null, "timestamp": "2026-08-10 11:31:06,662", "logger_name": "db_logger"}
{"message": "Closing database connection...", "url": null, "method": null, "timestamp": "2026-08-10 11:31:06,668", "logger_name": "db_logger"}
{"message": "Deleting task ID 22", "url": null, "method": null, "timestamp": "2026-08-10 11:31:06,669", "logger_name": "db_logger"}
{"message": "Establishing database connection...", "url": null, "method": null, "timestamp": "2026-08-10 11:31:06,669", "logger_name": "db_logger"}
{"message": "Closing database connection...", "url": null, "method": null, "timestamp": "2026-08-10 11:31:06,674", "logger_name": "db_logger"}
{"message": "Deleting task ID 999999", "url": null, "method": null, "timestamp": "2026-08-10 11:31:06,677", "logger_name": "db_logger"}
{"message": "Establishing database connection...", "url": null, "method": null, "timestamp": "2026-08-10 11:31:06,677", "logger_name": "db_logger"}
{"message": "Closing database connection...", "url": null, "method": null, "timestamp": "2026-08-10 11:31:06,679", "logger_name": "db_logger"}
{"message": "Creating task: transition test open->in_progress", "url": null, "method": null, "timestamp": "2026-08-10 11:31:06,682", "logger_name": "db_logger"}
{"message": "Establishing database connection...", "url": null, "method": null, "timestamp": "2026-08-10 11:31:06,682", "logger_name": "db_logger"}
{"message": "Closing database connection...", "url": null, "method": null, "timestamp": "2026-08-10 11:31:06,686", "logger_name": "db_logger"}
{"message": "Updating task ID 23", "url": null, "method": null, "timestamp": "2026-08-10 11:31:06,687", "logger_name": "db_logger"}
{"message": "Establishing database connection...", "url": null, "method": null, "timestamp": "2026-08-10 11:31:06,687", "logger_name": "db_logger"}
{"message": "Database operation failed: greenlet_spawn has not been called; can't call await_only() here. Was IO attempted in an unexpected place? (Background on this error at: https://sqlalche.me/e/20/xd2s)", "url": null, "method": null, "timestamp": "2026-08-10 11:31:06,688", "logger_name": "db_logger"}
{"message": "Closing database connection...", "url": null, "method": null, "timestamp": "2026-08-10 11:31:06,688", "logger_name": "db_logger"}
{"message": "Reading tasks from database", "url": null, "method": null, "timestamp": "2026-08-10 11:31:06,697", "logger_name": "db_logger"}
{"message": "Establishing database connection...", "url": null, "method": null, "timestamp": "2026-08-10 11:31:06,697", "logger_name": "db_logger"}
{"message": "Closing database connection...", "url": null, "method": null, "timestamp": "2026-08-10 11:31:06,698", "logger_name": "db_logger"}
{"message": "Deleting task ID 19", "url": null, "method": null, "timestamp": "2026-08-10 11:31:06,699", "logger_name": "db_logger"}
{"message": "Establishing database connection...", "url": null, "method": null, "timestamp": "2026-08-10 11:31:06,700", "logger_name": "db_logger"}
{"message": "Closing database connection...", "url": null, "method": null, "timestamp": "2026-08-10 11:31:06,703", "logger_name": "db_logger"}
{"message": "Deleting task ID 21", "url": null, "method": null, "timestamp": "2026-08-10 11:31:06,704", "logger_name": "db_logger"}
{"message": "Establishing database connection...", "url": null, "method": null, "timestamp": "2026-08-10 11:31:06,704", "logger_name": "db_logger"}
{"message": "Closing database connection...", "url": null, "method": null, "timestamp": "2026-08-10 11:31:06,707", "logger_name": "db_logger"}
{"message": "Deleting task ID 23", "url": null, "method": null, "timestamp": "2026-08-10 11:31:06,708", "logger_name": "db_logger"}
{"message": "Establishing database connection...", "url": null, "method": null, "timestamp": "2026-08-10 11:31:06,708", "logger_name": "db_logger"}
{"message": "Closing database connection...", "url": null, "method": null, "timestamp": "2026-08-10 11:31:06,711", "logger_name": "db_logger"}
{"message": "Deleting category: _test_integration", "url": null, "method": null, "timestamp": "2026-08-10 11:31:06,712", "logger_name": "db_logger"}
{"message": "Establishing database connection...", "url": null, "method": null, "timestamp": "2026-08-10 11:31:06,712", "logger_name": "db_logger"}
{"message": "Closing database connection...", "url": null, "method": null, "timestamp": "2026-08-10 11:31:06,716", "logger_name": "db_logger"}
{"message": "Creating category: _test_integration", "url": null, "method": null, "timestamp": "2026-08-10 11:33:54,790", "logger_name": "db_logger"}
{"message": "Establishing database connection...", "url": null, "method": null, "timestamp": "2026-08-10 11:33:54,790", "logger_name": "db_logger"}
{"message": "Closing database connection...", "url": null, "method": null, "timestamp": "2026-08-10 11:33:54,880", "logger_name": "db_logger"}
{"message": "Creating task: update test", "url": null, "method": null, "timestamp": "2026-08-10 11:33:54,885", "logger_name": "db_logger"}
{"message": "Establishing database connection...", "url": null, "method": null, "timestamp": "2026-08-10 11:33:54,885", "logger_name": "db_logger"}
{"message": "Closing database connection...", "url": null, "method": null, "timestamp": "2026-08-10 11:33:54,893", "logger_name": "db_logger"}
{"message": "Updating task ID 24", "url": null, "method": null, "timestamp": "2026-08-10 11:33:54,895", "logger_name": "db_logger"}
{"message": "Establishing database connection...", "url": null, "method": null, "timestamp": "2026-08-10 11:33:54,895", "logger_name": "db_logger"}
{"message": "Database operation failed: greenlet_spawn has not been called; can't call await_only() here. Was IO attempted in an unexpected place? (Background on this error at: https://sqlalche.me/e/20/xd2s)", "url": null, "method": null, "timestamp": "2026-08-10 11:33:54,898", "logger_name": "db_logger"}
{"message": "Closing database connection...", "url": null, "method": null, "timestamp": "2026-08-10 11:33:54,899", "logger_name": "db_logger"}
{"message": "Reading tasks from database", "url": null, "method": null, "timestamp": "2026-08-10 11:33:54,989", "logger_name": "db_logger"}
{"message": "Establishing database connection...", "url": null, "method": null, "timestamp": "2026-08-10 11:33:54,990", "logger_name": "db_logger"}
{"message": "Closing database connection...", "url": null, "method": null, "timestamp": "2026-08-10 11:33:54,992", "logger_name": "db_logger"}
{"message": "Deleting task ID 24", "url": null, "method": null, "timestamp": "2026-08-10 11:33:54,993", "logger_name": "db_logger"}
{"message": "Establishing database connection...", "url": null, "method": null, "timestamp": "2026-08-10 11:33:54,993", "logger_name": "db_logger"}
{"message": "Closing database connection...", "url": null, "method": null, "timestamp": "2026-08-10 11:33:55,001", "logger_name": "db_logger"}
{"message": "Deleting category: _test_integration", "url": null, "method": null, "timestamp": "2026-08-10 11:33:55,002", "logger_name": "db_logger"}
{"message": "Establishing database connection...", "url": null, "method": null, "timestamp": "2026-08-10 11:33:55,002", "logger_name": "db_logger"}
{"message": "Closing database connection...", "url": null, "method": null, "timestamp": "2026-08-10 11:33:55,008", "logger_name": "db_logger"}
{"message": "Creating category: _test_integration", "url": null, "method": null, "timestamp": "2026-08-10 11:38:07,777", "logger_name": "db_logger"}
{"message": "Establishing database connection...", "url": null, "method": null, "timestamp": "2026-08-10 11:38:07,777", "logger_name": "db_logger"}
{"message": "Closing database connection...", "url": null, "method": null, "timestamp": "2026-08-10 11:38:07,856", "logger_name": "db_logger"}
{"message": "Reading categories from database", "url": null, "method": null, "timestamp": "2026-08-10 11:38:07,859", "logger_name": "db_logger"}
{"message": "Establishing database connection...", "url": null, "method": null, "timestamp": "2026-08-10 11:38:07,859", "logger_name": "db_logger"}
{"message": "Closing database connection...", "url": null, "method": null, "timestamp": "2026-08-10 11:38:07,861", "logger_name": "db_logger"}
{"message": "Creating category: _test_integration", "url": null, "method": null, "timestamp": "2026-08-10 11:38:07,865", "logger_name": "db_logger"}
{"message": "Establishing database connection...", "url": null, "method": null, "timestamp": "2026-08-10 11:38:07,865", "logger_name": "db_logger"}
{"message": "Database operation failed: (psycopg.errors.UniqueViolation) duplicate key value violates unique constraint \"categories_pkey\"\nDETAIL:  Key (category_name)=(_test_integration) already exists.\n[SQL: INSERT INTO categories (category_name) VALUES (%(category_name)s::VARCHAR)]\n[parameters: {'category_name': '_test_integration'}]\n(Background on this error at: https://sqlalche.me/e/20/gkpj)", "url": null, "method": null, "timestamp": "2026-08-10 11:38:07,868", "logger_name": "db_logger"}
{"message": "Closing database connection...", "url": null, "method": null, "timestamp": "2026-08-10 11:38:07,868", "logger_name": "db_logger"}
{"message": "Deleting category: _does_not_exist_xyz", "url": null, "method": null, "timestamp": "2026-08-10 11:38:07,871", "logger_name": "db_logger"}
{"message": "Establishing database connection...", "url": null, "method": null, "timestamp": "2026-08-10 11:38:07,871", "logger_name": "db_logger"}
{"message": "Closing database connection...", "url": null, "method": null, "timestamp": "2026-08-10 11:38:07,874", "logger_name": "db_logger"}
{"message": "Reading tasks from database", "url": null, "method": null, "timestamp": "2026-08-10 11:38:07,877", "logger_name": "db_logger"}
{"message": "Establishing database connection...", "url": null, "method": null, "timestamp": "2026-08-10 11:38:07,877", "logger_name": "db_logger"}
{"message": "Closing database connection...", "url": null, "method": null, "timestamp": "2026-08-10 11:38:07,881", "logger_name": "db_logger"}
{"message": "Creating task: create test", "url": null, "method": null, "timestamp": "2026-08-10 11:38:07,885", "logger_name": "db_logger"}
{"message": "Establishing database connection...", "url": null, "method": null, "timestamp": "2026-08-10 11:38:07,885", "logger_name": "db_logger"}
{"message": "Closing database connection...", "url": null, "method": null, "timestamp": "2026-08-10 11:38:07,893", "logger_name": "db_logger"}
{"message": "Creating task: None", "url": null, "method": null, "timestamp": "2026-08-10 11:38:07,896", "logger_name": "db_logger"}
{"message": "Establishing database connection...", "url": null, "method": null, "timestamp": "2026-08-10 11:38:07,896", "logger_name": "db_logger"}
{"message": "Database operation failed: (psycopg.errors.ForeignKeyViolation) insert or update on table \"tasks\" violates foreign key constraint \"tasks_category_name_fkey\"\nDETAIL:  Key (category_name)=(_nonexistent_cat_xyz) is not present in table \"categories\".\n[SQL: INSERT INTO tasks (category_name, deadline, status, description) VALUES (%(category_name)s::VARCHAR, %(deadline)s::TIMESTAMP WITHOUT TIME ZONE, %(status)s::VARCHAR, %(description)s::VARCHAR) RETURNING tasks.task_id, tasks.created_at]\n[parameters: {'category_name': '_nonexistent_cat_xyz', 'deadline': None, 'status': 'open', 'description': None}]\n(Background on this error at: https://sqlalche.me/e/20/gkpj)", "url": null, "method": null, "timestamp": "2026-08-10 11:38:07,898", "logger_name": "db_logger"}
{"message": "Closing database connection...", "url": null, "method": null, "timestamp": "2026-08-10 11:38:07,899", "logger_name": "db_logger"}
{"message": "Creating task: update test", "url": null, "method": null, "timestamp": "2026-08-10 11:38:07,903", "logger_name": "db_logger"}
{"message": "Establishing database connection...", "url": null, "method": null, "timestamp": "2026-08-10 11:38:07,903", "logger_name": "db_logger"}
{"message": "Closing database connection...", "url": null, "method": null, "timestamp": "2026-08-10 11:38:07,907", "logger_name": "db_logger"}
{"message": "Updating task ID 27", "url": null, "method": null, "timestamp": "2026-08-10 11:38:07,908", "logger_name": "db_logger"}
{"message": "Establishing database connection...", "url": null, "method": null, "timestamp": "2026-08-10 11:38:07,909", "logger_name": "db_logger"}
{"message": "Closing database connection...", "url": null, "method": null, "timestamp": "2026-08-10 11:38:07,920", "logger_name": "db_logger"}
{"message": "Updating task ID 999999", "url": null, "method": null, "timestamp": "2026-08-10 11:38:08,246", "logger_name": "db_logger"}
{"message": "Establishing database connection...", "url": null, "method": null, "timestamp": "2026-08-10 11:38:08,246", "logger_name": "db_logger"}
{"message": "Closing database connection...", "url": null, "method": null, "timestamp": "2026-08-10 11:38:08,249", "logger_name": "db_logger"}
{"message": "Creating task: delete test", "url": null, "method": null, "timestamp": "2026-08-10 11:38:08,252", "logger_name": "db_logger"}
{"message": "Establishing database connection...", "url": null, "method": null, "timestamp": "2026-08-10 11:38:08,253", "logger_name": "db_logger"}
{"message": "Closing database connection...", "url": null, "method": null, "timestamp": "2026-08-10 11:38:08,258", "logger_name": "db_logger"}
{"message": "Deleting task ID 28", "url": null, "method": null, "timestamp": "2026-08-10 11:38:08,259", "logger_name": "db_logger"}
{"message": "Establishing database connection...", "url": null, "method": null, "timestamp": "2026-08-10 11:38:08,259", "logger_name": "db_logger"}
{"message": "Closing database connection...", "url": null, "method": null, "timestamp": "2026-08-10 11:38:08,263", "logger_name": "db_logger"}
{"message": "Deleting task ID 999999", "url": null, "method": null, "timestamp": "2026-08-10 11:38:08,267", "logger_name": "db_logger"}
{"message": "Establishing database connection...", "url": null, "method": null, "timestamp": "2026-08-10 11:38:08,267", "logger_name": "db_logger"}
{"message": "Closing database connection...", "url": null, "method": null, "timestamp": "2026-08-10 11:38:08,269", "logger_name": "db_logger"}
{"message": "Creating task: transition test open->in_progress", "url": null, "method": null, "timestamp": "2026-08-10 11:38:08,273", "logger_name": "db_logger"}
{"message": "Establishing database connection...", "url": null, "method": null, "timestamp": "2026-08-10 11:38:08,273", "logger_name": "db_logger"}
{"message": "Closing database connection...", "url": null, "method": null, "timestamp": "2026-08-10 11:38:08,277", "logger_name": "db_logger"}
{"message": "Updating task ID 29", "url": null, "method": null, "timestamp": "2026-08-10 11:38:08,278", "logger_name": "db_logger"}
{"message": "Establishing database connection...", "url": null, "method": null, "timestamp": "2026-08-10 11:38:08,278", "logger_name": "db_logger"}
{"message": "Closing database connection...", "url": null, "method": null, "timestamp": "2026-08-10 11:38:08,285", "logger_name": "db_logger"}
{"message": "Reading tasks from database", "url": null, "method": null, "timestamp": "2026-08-10 11:38:08,440", "logger_name": "db_logger"}
{"message": "Establishing database connection...", "url": null, "method": null, "timestamp": "2026-08-10 11:38:08,440", "logger_name": "db_logger"}
{"message": "Closing database connection...", "url": null, "method": null, "timestamp": "2026-08-10 11:38:08,443", "logger_name": "db_logger"}
{"message": "Creating category: _test_integration", "url": null, "method": null, "timestamp": "2026-08-10 11:42:57,365", "logger_name": "db_logger"}
{"message": "Establishing database connection...", "url": null, "method": null, "timestamp": "2026-08-10 11:42:57,365", "logger_name": "db_logger"}
{"message": "Database operation failed: (psycopg.errors.UniqueViolation) duplicate key value violates unique constraint \"categories_pkey\"\nDETAIL:  Key (category_name)=(_test_integration) already exists.\n[SQL: INSERT INTO categories (category_name) VALUES (%(category_name)s::VARCHAR)]\n[parameters: {'category_name': '_test_integration'}]\n(Background on this error at: https://sqlalche.me/e/20/gkpj)", "url": null, "method": null, "timestamp": "2026-08-10 11:42:57,448", "logger_name": "db_logger"}
{"message": "Closing database connection...", "url": null, "method": null, "timestamp": "2026-08-10 11:42:57,448", "logger_name": "db_logger"}
{"message": "Reading categories from database", "url": null, "method": null, "timestamp": "2026-08-10 11:42:57,452", "logger_name": "db_logger"}
{"message": "Establishing database connection...", "url": null, "method": null, "timestamp": "2026-08-10 11:42:57,452", "logger_name": "db_logger"}
{"message": "Closing database connection...", "url": null, "method": null, "timestamp": "2026-08-10 11:42:57,455", "logger_name": "db_logger"}
{"message": "Creating category: _test_integration", "url": null, "method": null, "timestamp": "2026-08-10 11:42:57,459", "logger_name": "db_logger"}
{"message": "Establishing database connection...", "url": null, "method": null, "timestamp": "2026-08-10 11:42:57,460", "logger_name": "db_logger"}
{"message": "Database operation failed: (psycopg.errors.UniqueViolation) duplicate key value violates unique constraint \"categories_pkey\"\nDETAIL:  Key (category_name)=(_test_integration) already exists.\n[SQL: INSERT INTO categories (category_name) VALUES (%(category_name)s::VARCHAR)]\n[parameters: {'category_name': '_test_integration'}]\n(Background on this error at: https://sqlalche.me/e/20/gkpj)", "url": null, "method": null, "timestamp": "2026-08-10 11:42:57,461", "logger_name": "db_logger"}
{"message": "Closing database connection...", "url": null, "method": null, "timestamp": "2026-08-10 11:42:57,462", "logger_name": "db_logger"}
{"message": "Deleting category: _does_not_exist_xyz", "url": null, "method": null, "timestamp": "2026-08-10 11:42:57,464", "logger_name": "db_logger"}
{"message": "Establishing database connection...", "url": null, "method": null, "timestamp": "2026-08-10 11:42:57,465", "logger_name": "db_logger"}
{"message": "Closing database connection...", "url": null, "method": null, "timestamp": "2026-08-10 11:42:57,467", "logger_name": "db_logger"}
{"message": "Reading tasks from database", "url": null, "method": null, "timestamp": "2026-08-10 11:42:57,471", "logger_name": "db_logger"}
{"message": "Establishing database connection...", "url": null, "method": null, "timestamp": "2026-08-10 11:42:57,471", "logger_name": "db_logger"}
{"message": "Closing database connection...", "url": null, "method": null, "timestamp": "2026-08-10 11:42:57,475", "logger_name": "db_logger"}
{"message": "Creating task: create test", "url": null, "method": null, "timestamp": "2026-08-10 11:42:57,682", "logger_name": "db_logger"}
{"message": "Establishing database connection...", "url": null, "method": null, "timestamp": "2026-08-10 11:42:57,683", "logger_name": "db_logger"}
{"message": "Closing database connection...", "url": null, "method": null, "timestamp": "2026-08-10 11:42:57,692", "logger_name": "db_logger"}
{"message": "Creating task: None", "url": null, "method": null, "timestamp": "2026-08-10 11:42:57,696", "logger_name": "db_logger"}
{"message": "Establishing database connection...", "url": null, "method": null, "timestamp": "2026-08-10 11:42:57,696", "logger_name": "db_logger"}
{"message": "Database operation failed: (psycopg.errors.ForeignKeyViolation) insert or update on table \"tasks\" violates foreign key constraint \"tasks_category_name_fkey\"\nDETAIL:  Key (category_name)=(_nonexistent_cat_xyz) is not present in table \"categories\".\n[SQL: INSERT INTO tasks (category_name, deadline, status, description) VALUES (%(category_name)s::VARCHAR, %(deadline)s::TIMESTAMP WITHOUT TIME ZONE, %(status)s::VARCHAR, %(description)s::VARCHAR) RETURNING tasks.task_id, tasks.created_at]\n[parameters: {'category_name': '_nonexistent_cat_xyz', 'deadline': None, 'status': 'open', 'description': None}]\n(Background on this error at: https://sqlalche.me/e/20/gkpj)", "url": null, "method": null, "timestamp": "2026-08-10 11:42:57,698", "logger_name": "db_logger"}
{"message": "Closing database connection...", "url": null, "method": null, "timestamp": "2026-08-10 11:42:57,698", "logger_name": "db_logger"}
{"message": "Creating task: update test", "url": null, "method": null, "timestamp": "2026-08-10 11:42:57,701", "logger_name": "db_logger"}
{"message": "Establishing database connection...", "url": null, "method": null, "timestamp": "2026-08-10 11:42:57,701", "logger_name": "db_logger"}
{"message": "Closing database connection...", "url": null, "method": null, "timestamp": "2026-08-10 11:42:57,705", "logger_name": "db_logger"}
{"message": "Updating task ID 32", "url": null, "method": null, "timestamp": "2026-08-10 11:42:57,706", "logger_name": "db_logger"}
{"message": "Establishing database connection...", "url": null, "method": null, "timestamp": "2026-08-10 11:42:57,706", "logger_name": "db_logger"}
{"message": "Closing database connection...", "url": null, "method": null, "timestamp": "2026-08-10 11:42:57,716", "logger_name": "db_logger"}
{"message": "Updating task ID 999999", "url": null, "method": null, "timestamp": "2026-08-10 11:42:57,722", "logger_name": "db_logger"}
{"message": "Establishing database connection...", "url": null, "method": null, "timestamp": "2026-08-10 11:42:57,722", "logger_name": "db_logger"}
{"message": "Closing database connection...", "url": null, "method": null, "timestamp": "2026-08-10 11:42:57,724", "logger_name": "db_logger"}
{"message": "Creating task: delete test", "url": null, "method": null, "timestamp": "2026-08-10 11:42:57,727", "logger_name": "db_logger"}
{"message": "Establishing database connection...", "url": null, "method": null, "timestamp": "2026-08-10 11:42:57,727", "logger_name": "db_logger"}
{"message": "Closing database connection...", "url": null, "method": null, "timestamp": "2026-08-10 11:42:57,731", "logger_name": "db_logger"}
{"message": "Deleting task ID 33", "url": null, "method": null, "timestamp": "2026-08-10 11:42:57,732", "logger_name": "db_logger"}
{"message": "Establishing database connection...", "url": null, "method": null, "timestamp": "2026-08-10 11:42:57,732", "logger_name": "db_logger"}
{"message": "Closing database connection...", "url": null, "method": null, "timestamp": "2026-08-10 11:42:57,737", "logger_name": "db_logger"}
{"message": "Deleting task ID 999999", "url": null, "method": null, "timestamp": "2026-08-10 11:42:57,740", "logger_name": "db_logger"}
{"message": "Establishing database connection...", "url": null, "method": null, "timestamp": "2026-08-10 11:42:57,740", "logger_name": "db_logger"}
{"message": "Closing database connection...", "url": null, "method": null, "timestamp": "2026-08-10 11:42:57,742", "logger_name": "db_logger"}
{"message": "Creating task: transition test open->in_progress", "url": null, "method": null, "timestamp": "2026-08-10 11:42:57,746", "logger_name": "db_logger"}
{"message": "Establishing database connection...", "url": null, "method": null, "timestamp": "2026-08-10 11:42:57,746", "logger_name": "db_logger"}
{"message": "Closing database connection...", "url": null, "method": null, "timestamp": "2026-08-10 11:42:57,750", "logger_name": "db_logger"}
{"message": "Updating task ID 34", "url": null, "method": null, "timestamp": "2026-08-10 11:42:57,752", "logger_name": "db_logger"}
{"message": "Establishing database connection...", "url": null, "method": null, "timestamp": "2026-08-10 11:42:57,752", "logger_name": "db_logger"}
{"message": "Closing database connection...", "url": null, "method": null, "timestamp": "2026-08-10 11:42:57,760", "logger_name": "db_logger"}
{"message": "Establishing database connection...", "url": null, "method": null, "timestamp": "2026-08-10 11:42:57,761", "logger_name": "db_logger"}
{"message": "Closing database connection...", "url": null, "method": null, "timestamp": "2026-08-10 11:42:57,762", "logger_name": "db_logger"}
{"message": "Reading tasks from database", "url": null, "method": null, "timestamp": "2026-08-10 11:42:57,764", "logger_name": "db_logger"}
{"message": "Establishing database connection...", "url": null, "method": null, "timestamp": "2026-08-10 11:42:57,765", "logger_name": "db_logger"}
{"message": "Closing database connection...", "url": null, "method": null, "timestamp": "2026-08-10 11:42:57,766", "logger_name": "db_logger"}
{"message": "Creating category: _test_integration", "url": null, "method": null, "timestamp": "2026-08-10 12:04:37,595", "logger_name": "db_logger"}
{"message": "Establishing database connection...", "url": null, "method": null, "timestamp": "2026-08-10 12:04:37,595", "logger_name": "db_logger"}
{"message": "Database operation failed: (psycopg.errors.UniqueViolation) duplicate key value violates unique constraint \"categories_pkey\"\nDETAIL:  Key (category_name)=(_test_integration) already exists.\n[SQL: INSERT INTO categories (category_name) VALUES (%(category_name)s::VARCHAR)]\n[parameters: {'category_name': '_test_integration'}]\n(Background on this error at: https://sqlalche.me/e/20/gkpj)", "url": null, "method": null, "timestamp": "2026-08-10 12:04:37,773", "logger_name": "db_logger"}
{"message": "Closing database connection...", "url": null, "method": null, "timestamp": "2026-08-10 12:04:37,773", "logger_name": "db_logger"}
{"message": "Reading categories from database", "url": null, "method": null, "timestamp": "2026-08-10 12:04:37,778", "logger_name": "db_logger"}
{"message": "Establishing database connection...", "url": null, "method": null, "timestamp": "2026-08-10 12:04:37,778", "logger_name": "db_logger"}
{"message": "Closing database connection...", "url": null, "method": null, "timestamp": "2026-08-10 12:04:37,780", "logger_name": "db_logger"}
{"message": "Creating category: _test_integration", "url": null, "method": null, "timestamp": "2026-08-10 12:04:37,785", "logger_name": "db_logger"}
{"message": "Establishing database connection...", "url": null, "method": null, "timestamp": "2026-08-10 12:04:37,785", "logger_name": "db_logger"}
{"message": "Database operation failed: (psycopg.errors.UniqueViolation) duplicate key value violates unique constraint \"categories_pkey\"\nDETAIL:  Key (category_name)=(_test_integration) already exists.\n[SQL: INSERT INTO categories (category_name) VALUES (%(category_name)s::VARCHAR)]\n[parameters: {'category_name': '_test_integration'}]\n(Background on this error at: https://sqlalche.me/e/20/gkpj)", "url": null, "method": null, "timestamp": "2026-08-10 12:04:37,787", "logger_name": "db_logger"}
{"message": "Closing database connection...", "url": null, "method": null, "timestamp": "2026-08-10 12:04:37,787", "logger_name": "db_logger"}
{"message": "Deleting category: _does_not_exist_xyz", "url": null, "method": null, "timestamp": "2026-08-10 12:04:37,790", "logger_name": "db_logger"}
{"message": "Establishing database connection...", "url": null, "method": null, "timestamp": "2026-08-10 12:04:37,790", "logger_name": "db_logger"}
{"message": "Closing database connection...", "url": null, "method": null, "timestamp": "2026-08-10 12:04:37,792", "logger_name": "db_logger"}
{"message": "Reading tasks from database", "url": null, "method": null, "timestamp": "2026-08-10 12:04:37,796", "logger_name": "db_logger"}
{"message": "Establishing database connection...", "url": null, "method": null, "timestamp": "2026-08-10 12:04:37,796", "logger_name": "db_logger"}
{"message": "Closing database connection...", "url": null, "method": null, "timestamp": "2026-08-10 12:04:37,800", "logger_name": "db_logger"}
{"message": "Creating task: create test", "url": null, "method": null, "timestamp": "2026-08-10 12:04:37,805", "logger_name": "db_logger"}
{"message": "Establishing database connection...", "url": null, "method": null, "timestamp": "2026-08-10 12:04:37,805", "logger_name": "db_logger"}
{"message": "Closing database connection...", "url": null, "method": null, "timestamp": "2026-08-10 12:04:37,814", "logger_name": "db_logger"}
{"message": "Creating task: None", "url": null, "method": null, "timestamp": "2026-08-10 12:04:37,818", "logger_name": "db_logger"}
{"message": "Establishing database connection...", "url": null, "method": null, "timestamp": "2026-08-10 12:04:37,818", "logger_name": "db_logger"}
{"message": "Database operation failed: (psycopg.errors.ForeignKeyViolation) insert or update on table \"tasks\" violates foreign key constraint \"tasks_category_name_fkey\"\nDETAIL:  Key (category_name)=(_nonexistent_cat_xyz) is not present in table \"categories\".\n[SQL: INSERT INTO tasks (category_name, deadline, status, description) VALUES (%(category_name)s::VARCHAR, %(deadline)s::TIMESTAMP WITHOUT TIME ZONE, %(status)s::VARCHAR, %(description)s::VARCHAR) RETURNING tasks.task_id, tasks.created_at]\n[parameters: {'category_name': '_nonexistent_cat_xyz', 'deadline': None, 'status': 'open', 'description': None}]\n(Background on this error at: https://sqlalche.me/e/20/gkpj)", "url": null, "method": null, "timestamp": "2026-08-10 12:04:37,820", "logger_name": "db_logger"}
{"message": "Closing database connection...", "url": null, "method": null, "timestamp": "2026-08-10 12:04:37,820", "logger_name": "db_logger"}
{"message": "Creating task: update test", "url": null, "method": null, "timestamp": "2026-08-10 12:04:37,824", "logger_name": "db_logger"}
{"message": "Establishing database connection...", "url": null, "method": null, "timestamp": "2026-08-10 12:04:37,824", "logger_name": "db_logger"}
{"message": "Closing database connection...", "url": null, "method": null, "timestamp": "2026-08-10 12:04:37,828", "logger_name": "db_logger"}
{"message": "Updating task ID 37", "url": null, "method": null, "timestamp": "2026-08-10 12:04:37,829", "logger_name": "db_logger"}
{"message": "Establishing database connection...", "url": null, "method": null, "timestamp": "2026-08-10 12:04:37,829", "logger_name": "db_logger"}
{"message": "Closing database connection...", "url": null, "method": null, "timestamp": "2026-08-10 12:04:37,841", "logger_name": "db_logger"}
{"message": "Updating task ID 999999", "url": null, "method": null, "timestamp": "2026-08-10 12:04:37,845", "logger_name": "db_logger"}
{"message": "Establishing database connection...", "url": null, "method": null, "timestamp": "2026-08-10 12:04:37,845", "logger_name": "db_logger"}
{"message": "Closing database connection...", "url": null, "method": null, "timestamp": "2026-08-10 12:04:37,846", "logger_name": "db_logger"}
{"message": "Creating task: delete test", "url": null, "method": null, "timestamp": "2026-08-10 12:04:37,850", "logger_name": "db_logger"}
{"message": "Establishing database connection...", "url": null, "method": null, "timestamp": "2026-08-10 12:04:37,850", "logger_name": "db_logger"}
{"message": "Closing database connection...", "url": null, "method": null, "timestamp": "2026-08-10 12:04:37,853", "logger_name": "db_logger"}
{"message": "Deleting task ID 38", "url": null, "method": null, "timestamp": "2026-08-10 12:04:37,855", "logger_name": "db_logger"}
{"message": "Establishing database connection...", "url": null, "method": null, "timestamp": "2026-08-10 12:04:37,855", "logger_name": "db_logger"}
{"message": "Closing database connection...", "url": null, "method": null, "timestamp": "2026-08-10 12:04:37,859", "logger_name": "db_logger"}
{"message": "Deleting task ID 999999", "url": null, "method": null, "timestamp": "2026-08-10 12:04:37,863", "logger_name": "db_logger"}
{"message": "Establishing database connection...", "url": null, "method": null, "timestamp": "2026-08-10 12:04:37,864", "logger_name": "db_logger"}
{"message": "Closing database connection...", "url": null, "method": null, "timestamp": "2026-08-10 12:04:37,865", "logger_name": "db_logger"}
{"message": "Creating task: transition test open->in_progress", "url": null, "method": null, "timestamp": "2026-08-10 12:04:37,870", "logger_name": "db_logger"}
{"message": "Establishing database connection...", "url": null, "method": null, "timestamp": "2026-08-10 12:04:37,870", "logger_name": "db_logger"}
{"message": "Closing database connection...", "url": null, "method": null, "timestamp": "2026-08-10 12:04:37,874", "logger_name": "db_logger"}
{"message": "Updating task ID 39", "url": null, "method": null, "timestamp": "2026-08-10 12:04:37,876", "logger_name": "db_logger"}
{"message": "Establishing database connection...", "url": null, "method": null, "timestamp": "2026-08-10 12:04:37,876", "logger_name": "db_logger"}
{"message": "Closing database connection...", "url": null, "method": null, "timestamp": "2026-08-10 12:04:37,882", "logger_name": "db_logger"}
{"message": "Establishing database connection...", "url": null, "method": null, "timestamp": "2026-08-10 12:04:37,883", "logger_name": "db_logger"}
{"message": "Closing database connection...", "url": null, "method": null, "timestamp": "2026-08-10 12:04:37,885", "logger_name": "db_logger"}
{"message": "Reading tasks from database", "url": null, "method": null, "timestamp": "2026-08-10 12:04:37,888", "logger_name": "db_logger"}
{"message": "Establishing database connection...", "url": null, "method": null, "timestamp": "2026-08-10 12:04:37,888", "logger_name": "db_logger"}
{"message": "Closing database connection...", "url": null, "method": null, "timestamp": "2026-08-10 12:04:37,889", "logger_name": "db_logger"}
{"message": "Deleting task ID 25", "url": null, "method": null, "timestamp": "2026-08-10 12:04:37,890", "logger_name": "db_logger"}
{"message": "Establishing database connection...", "url": null, "method": null, "timestamp": "2026-08-10 12:04:37,890", "logger_name": "db_logger"}
{"message": "Closing database connection...", "url": null, "method": null, "timestamp": "2026-08-10 12:04:37,894", "logger_name": "db_logger"}
{"message": "Deleting task ID 30", "url": null, "method": null, "timestamp": "2026-08-10 12:04:37,895", "logger_name": "db_logger"}
{"message": "Establishing database connection...", "url": null, "method": null, "timestamp": "2026-08-10 12:04:37,895", "logger_name": "db_logger"}
{"message": "Closing database connection...", "url": null, "method": null, "timestamp": "2026-08-10 12:04:37,898", "logger_name": "db_logger"}
{"message": "Deleting task ID 32", "url": null, "method": null, "timestamp": "2026-08-10 12:04:37,898", "logger_name": "db_logger"}
{"message": "Establishing database connection...", "url": null, "method": null, "timestamp": "2026-08-10 12:04:37,898", "logger_name": "db_logger"}
{"message": "Database operation failed: Dependency rule on column 'tasks.task_id' tried to blank-out primary key column 'task_status_details.task_id' on instance '<TaskStatusDetails at 0x299f6a39650>'", "url": null, "method": null, "timestamp": "2026-08-10 12:04:37,901", "logger_name": "db_logger"}
{"message": "Closing database connection...", "url": null, "method": null, "timestamp": "2026-08-10 12:04:37,901", "logger_name": "db_logger"}
{"message": "Deleting task ID 34", "url": null, "method": null, "timestamp": "2026-08-10 12:04:37,902", "logger_name": "db_logger"}
{"message": "Establishing database connection...", "url": null, "method": null, "timestamp": "2026-08-10 12:04:37,903", "logger_name": "db_logger"}
{"message": "Database operation failed: Dependency rule on column 'tasks.task_id' tried to blank-out primary key column 'task_status_details.task_id' on instance '<TaskStatusDetails at 0x299f6a32210>'", "url": null, "method": null, "timestamp": "2026-08-10 12:04:37,906", "logger_name": "db_logger"}
{"message": "Closing database connection...", "url": null, "method": null, "timestamp": "2026-08-10 12:04:37,907", "logger_name": "db_logger"}
{"message": "Deleting task ID 27", "url": null, "method": null, "timestamp": "2026-08-10 12:04:37,908", "logger_name": "db_logger"}
{"message": "Establishing database connection...", "url": null, "method": null, "timestamp": "2026-08-10 12:04:37,908", "logger_name": "db_logger"}
{"message": "Database operation failed: Dependency rule on column 'tasks.task_id' tried to blank-out primary key column 'task_status_details.task_id' on instance '<TaskStatusDetails at 0x299f6a45b90>'", "url": null, "method": null, "timestamp": "2026-08-10 12:04:37,911", "logger_name": "db_logger"}
{"message": "Closing database connection...", "url": null, "method": null, "timestamp": "2026-08-10 12:04:37,911", "logger_name": "db_logger"}
{"message": "Deleting task ID 29", "url": null, "method": null, "timestamp": "2026-08-10 12:04:37,912", "logger_name": "db_logger"}
{"message": "Establishing database connection...", "url": null, "method": null, "timestamp": "2026-08-10 12:04:37,912", "logger_name": "db_logger"}
{"message": "Database operation failed: Dependency rule on column 'tasks.task_id' tried to blank-out primary key column 'task_status_details.task_id' on instance '<TaskStatusDetails at 0x299f6a3b390>'", "url": null, "method": null, "timestamp": "2026-08-10 12:04:37,914", "logger_name": "db_logger"}
{"message": "Closing database connection...", "url": null, "method": null, "timestamp": "2026-08-10 12:04:37,915", "logger_name": "db_logger"}
{"message": "Deleting task ID 35", "url": null, "method": null, "timestamp": "2026-08-10 12:04:37,915", "logger_name": "db_logger"}
{"message": "Establishing database connection...", "url": null, "method": null, "timestamp": "2026-08-10 12:04:37,915", "logger_name": "db_logger"}
{"message": "Closing database connection...", "url": null, "method": null, "timestamp": "2026-08-10 12:04:37,982", "logger_name": "db_logger"}
{"message": "Deleting task ID 37", "url": null, "method": null, "timestamp": "2026-08-10 12:04:37,983", "logger_name": "db_logger"}
{"message": "Establishing database connection...", "url": null, "method": null, "timestamp": "2026-08-10 12:04:37,983", "logger_name": "db_logger"}
{"message": "Database operation failed: Dependency rule on column 'tasks.task_id' tried to blank-out primary key column 'task_status_details.task_id' on instance '<TaskStatusDetails at 0x299f6a59190>'", "url": null, "method": null, "timestamp": "2026-08-10 12:04:37,987", "logger_name": "db_logger"}
{"message": "Closing database connection...", "url": null, "method": null, "timestamp": "2026-08-10 12:04:37,987", "logger_name": "db_logger"}
{"message": "Deleting task ID 39", "url": null, "method": null, "timestamp": "2026-08-10 12:04:37,988", "logger_name": "db_logger"}
{"message": "Establishing database connection...", "url": null, "method": null, "timestamp": "2026-08-10 12:04:37,988", "logger_name": "db_logger"}
{"message": "Database operation failed: Dependency rule on column 'tasks.task_id' tried to blank-out primary key column 'task_status_details.task_id' on instance '<TaskStatusDetails at 0x299f6a4d3d0>'", "url": null, "method": null, "timestamp": "2026-08-10 12:04:37,991", "logger_name": "db_logger"}
{"message": "Closing database connection...", "url": null, "method": null, "timestamp": "2026-08-10 12:04:37,991", "logger_name": "db_logger"}
{"message": "Deleting category: _test_integration", "url": null, "method": null, "timestamp": "2026-08-10 12:04:37,992", "logger_name": "db_logger"}
{"message": "Establishing database connection...", "url": null, "method": null, "timestamp": "2026-08-10 12:04:37,992", "logger_name": "db_logger"}
{"message": "Database operation failed: (psycopg.errors.NotNullViolation) null value in column \"category_name\" of relation \"tasks\" violates not-null constraint\nDETAIL:  Failing row contains (27, null, null, 2026-08-10 11:38:07.904923, pending, updated description).\n[SQL: UPDATE tasks SET category_name=%(category_name)s::VARCHAR WHERE tasks.task_id = %(tasks_task_id)s::INTEGER]\n[parameters: [{'category_name': None, 'tasks_task_id': 27}, {'category_name': None, 'tasks_task_id': 29}, {'category_name': None, 'tasks_task_id': 32}, {'category_name': None, 'tasks_task_id': 34}, {'category_name': None, 'tasks_task_id': 37}, {'category_name': None, 'tasks_task_id': 39}]]\n(Background on this error at: https://sqlalche.me/e/20/gkpj)", "url": null, "method": null, "timestamp": "2026-08-10 12:04:37,998", "logger_name": "db_logger"}
{"message": "Closing database connection...", "url": null, "method": null, "timestamp": "2026-08-10 12:04:37,998", "logger_name": "db_logger"}
{"message": "Creating category: _test_integration", "url": null, "method": null, "timestamp": "2026-08-10 12:18:14,082", "logger_name": "db_logger"}
{"message": "Establishing database connection...", "url": null, "method": null, "timestamp": "2026-08-10 12:18:14,082", "logger_name": "db_logger"}
{"message": "Database operation failed: (psycopg.errors.UniqueViolation) duplicate key value violates unique constraint \"categories_pkey\"\nDETAIL:  Key (category_name)=(_test_integration) already exists.\n[SQL: INSERT INTO categories (category_name) VALUES (%(category_name)s::VARCHAR)]\n[parameters: {'category_name': '_test_integration'}]\n(Background on this error at: https://sqlalche.me/e/20/gkpj)", "url": null, "method": null, "timestamp": "2026-08-10 12:18:14,162", "logger_name": "db_logger"}
{"message": "Closing database connection...", "url": null, "method": null, "timestamp": "2026-08-10 12:18:14,162", "logger_name": "db_logger"}
{"message": "Creating task: transition test in_progress->done", "url": null, "method": null, "timestamp": "2026-08-10 12:18:14,167", "logger_name": "db_logger"}
{"message": "Establishing database connection...", "url": null, "method": null, "timestamp": "2026-08-10 12:18:14,167", "logger_name": "db_logger"}
{"message": "Closing database connection...", "url": null, "method": null, "timestamp": "2026-08-10 12:18:14,176", "logger_name": "db_logger"}
{"message": "Updating task ID 40", "url": null, "method": null, "timestamp": "2026-08-10 12:18:14,177", "logger_name": "db_logger"}
{"message": "Establishing database connection...", "url": null, "method": null, "timestamp": "2026-08-10 12:18:14,177", "logger_name": "db_logger"}
{"message": "Closing database connection...", "url": null, "method": null, "timestamp": "2026-08-10 12:18:14,188", "logger_name": "db_logger"}
{"message": "Updating task ID 40", "url": null, "method": null, "timestamp": "2026-08-10 12:18:14,190", "logger_name": "db_logger"}
{"message": "Establishing database connection...", "url": null, "method": null, "timestamp": "2026-08-10 12:18:14,190", "logger_name": "db_logger"}
{"message": "Database operation failed: can't subtract offset-naive and offset-aware datetimes", "url": null, "method": null, "timestamp": "2026-08-10 12:18:14,192", "logger_name": "db_logger"}
{"message": "Closing database connection...", "url": null, "method": null, "timestamp": "2026-08-10 12:18:14,192", "logger_name": "db_logger"}
{"message": "Reading tasks from database", "url": null, "method": null, "timestamp": "2026-08-10 12:18:14,278", "logger_name": "db_logger"}
{"message": "Establishing database connection...", "url": null, "method": null, "timestamp": "2026-08-10 12:18:14,278", "logger_name": "db_logger"}
{"message": "Closing database connection...", "url": null, "method": null, "timestamp": "2026-08-10 12:18:14,282", "logger_name": "db_logger"}
{"message": "Deleting task ID 32", "url": null, "method": null, "timestamp": "2026-08-10 12:18:14,283", "logger_name": "db_logger"}
{"message": "Establishing database connection...", "url": null, "method": null, "timestamp": "2026-08-10 12:18:14,283", "logger_name": "db_logger"}
{"message": "Database operation failed: Dependency rule on column 'tasks.task_id' tried to blank-out primary key column 'task_status_details.task_id' on instance '<TaskStatusDetails at 0x26d31365ed0>'", "url": null, "method": null, "timestamp": "2026-08-10 12:18:14,287", "logger_name": "db_logger"}
{"message": "Closing database connection...", "url": null, "method": null, "timestamp": "2026-08-10 12:18:14,287", "logger_name": "db_logger"}
{"message": "Deleting task ID 34", "url": null, "method": null, "timestamp": "2026-08-10 12:18:14,289", "logger_name": "db_logger"}
{"message": "Establishing database connection...", "url": null, "method": null, "timestamp": "2026-08-10 12:18:14,289", "logger_name": "db_logger"}
{"message": "Database operation failed: Dependency rule on column 'tasks.task_id' tried to blank-out primary key column 'task_status_details.task_id' on instance '<TaskStatusDetails at 0x26d31338110>'", "url": null, "method": null, "timestamp": "2026-08-10 12:18:14,291", "logger_name": "db_logger"}
{"message": "Closing database connection...", "url": null, "method": null, "timestamp": "2026-08-10 12:18:14,292", "logger_name": "db_logger"}
{"message": "Deleting task ID 27", "url": null, "method": null, "timestamp": "2026-08-10 12:18:14,293", "logger_name": "db_logger"}
{"message": "Establishing database connection...", "url": null, "method": null, "timestamp": "2026-08-10 12:18:14,293", "logger_name": "db_logger"}
{"message": "Database operation failed: Dependency rule on column 'tasks.task_id' tried to blank-out primary key column 'task_status_details.task_id' on instance '<TaskStatusDetails at 0x26d3133a310>'", "url": null, "method": null, "timestamp": "2026-08-10 12:18:14,297", "logger_name": "db_logger"}
{"message": "Closing database connection...", "url": null, "method": null, "timestamp": "2026-08-10 12:18:14,297", "logger_name": "db_logger"}
{"message": "Deleting task ID 29", "url": null, "method": null, "timestamp": "2026-08-10 12:18:14,298", "logger_name": "db_logger"}
{"message": "Establishing database connection...", "url": null, "method": null, "timestamp": "2026-08-10 12:18:14,298", "logger_name": "db_logger"}
{"message": "Database operation failed: Dependency rule on column 'tasks.task_id' tried to blank-out primary key column 'task_status_details.task_id' on instance '<TaskStatusDetails at 0x26d31378ed0>'", "url": null, "method": null, "timestamp": "2026-08-10 12:18:14,301", "logger_name": "db_logger"}
{"message": "Closing database connection...", "url": null, "method": null, "timestamp": "2026-08-10 12:18:14,301", "logger_name": "db_logger"}
{"message": "Deleting task ID 37", "url": null, "method": null, "timestamp": "2026-08-10 12:18:14,302", "logger_name": "db_logger"}
{"message": "Establishing database connection...", "url": null, "method": null, "timestamp": "2026-08-10 12:18:14,302", "logger_name": "db_logger"}
{"message": "Database operation failed: Dependency rule on column 'tasks.task_id' tried to blank-out primary key column 'task_status_details.task_id' on instance '<TaskStatusDetails at 0x26d312aacd0>'", "url": null, "method": null, "timestamp": "2026-08-10 12:18:14,306", "logger_name": "db_logger"}
{"message": "Closing database connection...", "url": null, "method": null, "timestamp": "2026-08-10 12:18:14,306", "logger_name": "db_logger"}
{"message": "Deleting task ID 39", "url": null, "method": null, "timestamp": "2026-08-10 12:18:14,308", "logger_name": "db_logger"}
{"message": "Establishing database connection...", "url": null, "method": null, "timestamp": "2026-08-10 12:18:14,308", "logger_name": "db_logger"}
{"message": "Database operation failed: Dependency rule on column 'tasks.task_id' tried to blank-out primary key column 'task_status_details.task_id' on instance '<TaskStatusDetails at 0x26d31338750>'", "url": null, "method": null, "timestamp": "2026-08-10 12:18:14,311", "logger_name": "db_logger"}
{"message": "Closing database connection...", "url": null, "method": null, "timestamp": "2026-08-10 12:18:14,311", "logger_name": "db_logger"}
{"message": "Deleting task ID 40", "url": null, "method": null, "timestamp": "2026-08-10 12:18:14,312", "logger_name": "db_logger"}
{"message": "Establishing database connection...", "url": null, "method": null, "timestamp": "2026-08-10 12:18:14,312", "logger_name": "db_logger"}
{"message": "Database operation failed: Dependency rule on column 'tasks.task_id' tried to blank-out primary key column 'task_status_details.task_id' on instance '<TaskStatusDetails at 0x26d3137f150>'", "url": null, "method": null, "timestamp": "2026-08-10 12:18:14,315", "logger_name": "db_logger"}
{"message": "Closing database connection...", "url": null, "method": null, "timestamp": "2026-08-10 12:18:14,315", "logger_name": "db_logger"}
{"message": "Deleting category: _test_integration", "url": null, "method": null, "timestamp": "2026-08-10 12:18:14,316", "logger_name": "db_logger"}
{"message": "Establishing database connection...", "url": null, "method": null, "timestamp": "2026-08-10 12:18:14,316", "logger_name": "db_logger"}
{"message": "Database operation failed: (psycopg.errors.NotNullViolation) null value in column \"category_name\" of relation \"tasks\" violates not-null constraint\nDETAIL:  Failing row contains (27, null, null, 2026-08-10 11:38:07.904923, pending, updated description).\n[SQL: UPDATE tasks SET category_name=%(category_name)s::VARCHAR WHERE tasks.task_id = %(tasks_task_id)s::INTEGER]\n[parameters: [{'category_name': None, 'tasks_task_id': 27}, {'category_name': None, 'tasks_task_id': 29}, {'category_name': None, 'tasks_task_id': 32}, {'category_name': None, 'tasks_task_id': 34}, {'category_name': None, 'tasks_task_id': 37}, {'category_name': None, 'tasks_task_id': 39}, {'category_name': None, 'tasks_task_id': 40}]]\n(Background on this error at: https://sqlalche.me/e/20/gkpj)", "url": null, "method": null, "timestamp": "2026-08-10 12:18:14,323", "logger_name": "db_logger"}
{"message": "Closing database connection...", "url": null, "method": null, "timestamp": "2026-08-10 12:18:14,323", "logger_name": "db_logger"}
{"message": "Creating category: _test_integration", "url": null, "method": null, "timestamp": "2026-08-10 12:19:16,439", "logger_name": "db_logger"}
{"message": "Establishing database connection...", "url": null, "method": null, "timestamp": "2026-08-10 12:19:16,439", "logger_name": "db_logger"}
{"message": "Database operation failed: (psycopg.errors.UniqueViolation) duplicate key value violates unique constraint \"categories_pkey\"\nDETAIL:  Key (category_name)=(_test_integration) already exists.\n[SQL: INSERT INTO categories (category_name) VALUES (%(category_name)s::VARCHAR)]\n[parameters: {'category_name': '_test_integration'}]\n(Background on this error at: https://sqlalche.me/e/20/gkpj)", "url": null, "method": null, "timestamp": "2026-08-10 12:19:16,531", "logger_name": "db_logger"}
{"message": "Closing database connection...", "url": null, "method": null, "timestamp": "2026-08-10 12:19:16,531", "logger_name": "db_logger"}
{"message": "Reading categories from database", "url": null, "method": null, "timestamp": "2026-08-10 12:19:16,533", "logger_name": "db_logger"}
{"message": "Establishing database connection...", "url": null, "method": null, "timestamp": "2026-08-10 12:19:16,534", "logger_name": "db_logger"}
{"message": "Closing database connection...", "url": null, "method": null, "timestamp": "2026-08-10 12:19:16,536", "logger_name": "db_logger"}
{"message": "Creating category: _test_integration", "url": null, "method": null, "timestamp": "2026-08-10 12:19:16,541", "logger_name": "db_logger"}
{"message": "Establishing database connection...", "url": null, "method": null, "timestamp": "2026-08-10 12:19:16,541", "logger_name": "db_logger"}
{"message": "Database operation failed: (psycopg.errors.UniqueViolation) duplicate key value violates unique constraint \"categories_pkey\"\nDETAIL:  Key (category_name)=(_test_integration) already exists.\n[SQL: INSERT INTO categories (category_name) VALUES (%(category_name)s::VARCHAR)]\n[parameters: {'category_name': '_test_integration'}]\n(Background on this error at: https://sqlalche.me/e/20/gkpj)", "url": null, "method": null, "timestamp": "2026-08-10 12:19:16,543", "logger_name": "db_logger"}
{"message": "Closing database connection...", "url": null, "method": null, "timestamp": "2026-08-10 12:19:16,543", "logger_name": "db_logger"}
{"message": "Deleting category: _does_not_exist_xyz", "url": null, "method": null, "timestamp": "2026-08-10 12:19:16,547", "logger_name": "db_logger"}
{"message": "Establishing database connection...", "url": null, "method": null, "timestamp": "2026-08-10 12:19:16,547", "logger_name": "db_logger"}
{"message": "Closing database connection...", "url": null, "method": null, "timestamp": "2026-08-10 12:19:16,550", "logger_name": "db_logger"}
{"message": "Reading tasks from database", "url": null, "method": null, "timestamp": "2026-08-10 12:19:16,554", "logger_name": "db_logger"}
{"message": "Establishing database connection...", "url": null, "method": null, "timestamp": "2026-08-10 12:19:16,554", "logger_name": "db_logger"}
{"message": "Closing database connection...", "url": null, "method": null, "timestamp": "2026-08-10 12:19:16,556", "logger_name": "db_logger"}
{"message": "Creating task: create test", "url": null, "method": null, "timestamp": "2026-08-10 12:19:16,562", "logger_name": "db_logger"}
{"message": "Establishing database connection...", "url": null, "method": null, "timestamp": "2026-08-10 12:19:16,562", "logger_name": "db_logger"}
{"message": "Closing database connection...", "url": null, "method": null, "timestamp": "2026-08-10 12:19:16,571", "logger_name": "db_logger"}
{"message": "Creating task: None", "url": null, "method": null, "timestamp": "2026-08-10 12:19:16,575", "logger_name": "db_logger"}
{"message": "Establishing database connection...", "url": null, "method": null, "timestamp": "2026-08-10 12:19:16,575", "logger_name": "db_logger"}
{"message": "Database operation failed: (psycopg.errors.ForeignKeyViolation) insert or update on table \"tasks\" violates foreign key constraint \"tasks_category_name_fkey\"\nDETAIL:  Key (category_name)=(_nonexistent_cat_xyz) is not present in table \"categories\".\n[SQL: INSERT INTO tasks (category_name, deadline, status, description) VALUES (%(category_name)s::VARCHAR, %(deadline)s::TIMESTAMP WITHOUT TIME ZONE, %(status)s::VARCHAR, %(description)s::VARCHAR) RETURNING tasks.task_id, tasks.created_at]\n[parameters: {'category_name': '_nonexistent_cat_xyz', 'deadline': None, 'status': 'open', 'description': None}]\n(Background on this error at: https://sqlalche.me/e/20/gkpj)", "url": null, "method": null, "timestamp": "2026-08-10 12:19:16,578", "logger_name": "db_logger"}
{"message": "Closing database connection...", "url": null, "method": null, "timestamp": "2026-08-10 12:19:16,578", "logger_name": "db_logger"}
{"message": "Creating task: update test", "url": null, "method": null, "timestamp": "2026-08-10 12:19:16,581", "logger_name": "db_logger"}
{"message": "Establishing database connection...", "url": null, "method": null, "timestamp": "2026-08-10 12:19:16,582", "logger_name": "db_logger"}
{"message": "Closing database connection...", "url": null, "method": null, "timestamp": "2026-08-10 12:19:16,585", "logger_name": "db_logger"}
{"message": "Updating task ID 43", "url": null, "method": null, "timestamp": "2026-08-10 12:19:16,586", "logger_name": "db_logger"}
{"message": "Establishing database connection...", "url": null, "method": null, "timestamp": "2026-08-10 12:19:16,587", "logger_name": "db_logger"}
{"message": "Closing database connection...", "url": null, "method": null, "timestamp": "2026-08-10 12:19:16,596", "logger_name": "db_logger"}
{"message": "Updating task ID 999999", "url": null, "method": null, "timestamp": "2026-08-10 12:19:16,600", "logger_name": "db_logger"}
{"message": "Establishing database connection...", "url": null, "method": null, "timestamp": "2026-08-10 12:19:16,600", "logger_name": "db_logger"}
{"message": "Closing database connection...", "url": null, "method": null, "timestamp": "2026-08-10 12:19:16,602", "logger_name": "db_logger"}
{"message": "Creating task: delete test", "url": null, "method": null, "timestamp": "2026-08-10 12:19:16,606", "logger_name": "db_logger"}
{"message": "Establishing database connection...", "url": null, "method": null, "timestamp": "2026-08-10 12:19:16,606", "logger_name": "db_logger"}
{"message": "Closing database connection...", "url": null, "method": null, "timestamp": "2026-08-10 12:19:16,610", "logger_name": "db_logger"}
{"message": "Deleting task ID 44", "url": null, "method": null, "timestamp": "2026-08-10 12:19:16,611", "logger_name": "db_logger"}
{"message": "Establishing database connection...", "url": null, "method": null, "timestamp": "2026-08-10 12:19:16,611", "logger_name": "db_logger"}
{"message": "Closing database connection...", "url": null, "method": null, "timestamp": "2026-08-10 12:19:16,616", "logger_name": "db_logger"}
{"message": "Deleting task ID 999999", "url": null, "method": null, "timestamp": "2026-08-10 12:19:16,619", "logger_name": "db_logger"}
{"message": "Establishing database connection...", "url": null, "method": null, "timestamp": "2026-08-10 12:19:16,620", "logger_name": "db_logger"}
{"message": "Closing database connection...", "url": null, "method": null, "timestamp": "2026-08-10 12:19:16,621", "logger_name": "db_logger"}
{"message": "Creating task: transition test open->in_progress", "url": null, "method": null, "timestamp": "2026-08-10 12:19:16,625", "logger_name": "db_logger"}
{"message": "Establishing database connection...", "url": null, "method": null, "timestamp": "2026-08-10 12:19:16,625", "logger_name": "db_logger"}
{"message": "Closing database connection...", "url": null, "method": null, "timestamp": "2026-08-10 12:19:16,629", "logger_name": "db_logger"}
{"message": "Updating task ID 45", "url": null, "method": null, "timestamp": "2026-08-10 12:19:16,631", "logger_name": "db_logger"}
{"message": "Establishing database connection...", "url": null, "method": null, "timestamp": "2026-08-10 12:19:16,631", "logger_name": "db_logger"}
{"message": "Closing database connection...", "url": null, "method": null, "timestamp": "2026-08-10 12:19:16,638", "logger_name": "db_logger"}
{"message": "Establishing database connection...", "url": null, "method": null, "timestamp": "2026-08-10 12:19:16,638", "logger_name": "db_logger"}
{"message": "Closing database connection...", "url": null, "method": null, "timestamp": "2026-08-10 12:19:16,639", "logger_name": "db_logger"}
{"message": "Creating task: transition test in_progress->done", "url": null, "method": null, "timestamp": "2026-08-10 12:19:16,643", "logger_name": "db_logger"}
{"message": "Establishing database connection...", "url": null, "method": null, "timestamp": "2026-08-10 12:19:16,643", "logger_name": "db_logger"}
{"message": "Closing database connection...", "url": null, "method": null, "timestamp": "2026-08-10 12:19:16,646", "logger_name": "db_logger"}
{"message": "Updating task ID 46", "url": null, "method": null, "timestamp": "2026-08-10 12:19:16,648", "logger_name": "db_logger"}
{"message": "Establishing database connection...", "url": null, "method": null, "timestamp": "2026-08-10 12:19:16,648", "logger_name": "db_logger"}
{"message": "Closing database connection...", "url": null, "method": null, "timestamp": "2026-08-10 12:19:16,654", "logger_name": "db_logger"}
{"message": "Updating task ID 46", "url": null, "method": null, "timestamp": "2026-08-10 12:19:16,655", "logger_name": "db_logger"}
{"message": "Establishing database connection...", "url": null, "method": null, "timestamp": "2026-08-10 12:19:16,655", "logger_name": "db_logger"}
{"message": "Database operation failed: can't subtract offset-naive and offset-aware datetimes", "url": null, "method": null, "timestamp": "2026-08-10 12:19:16,657", "logger_name": "db_logger"}
{"message": "Closing database connection...", "url": null, "method": null, "timestamp": "2026-08-10 12:19:16,657", "logger_name": "db_logger"}
{"message": "Creating task: multi-session time test", "url": null, "method": null, "timestamp": "2026-08-10 12:19:16,749", "logger_name": "db_logger"}
{"message": "Establishing database connection...", "url": null, "method": null, "timestamp": "2026-08-10 12:19:16,749", "logger_name": "db_logger"}
{"message": "Closing database connection...", "url": null, "method": null, "timestamp": "2026-08-10 12:19:16,755", "logger_name": "db_logger"}
{"message": "Updating task ID 47", "url": null, "method": null, "timestamp": "2026-08-10 12:19:16,756", "logger_name": "db_logger"}
{"message": "Establishing database connection...", "url": null, "method": null, "timestamp": "2026-08-10 12:19:16,756", "logger_name": "db_logger"}
{"message": "Closing database connection...", "url": null, "method": null, "timestamp": "2026-08-10 12:19:16,762", "logger_name": "db_logger"}
{"message": "Updating task ID 47", "url": null, "method": null, "timestamp": "2026-08-10 12:19:16,764", "logger_name": "db_logger"}
{"message": "Establishing database connection...", "url": null, "method": null, "timestamp": "2026-08-10 12:19:16,764", "logger_name": "db_logger"}
{"message": "Database operation failed: can't subtract offset-naive and offset-aware datetimes", "url": null, "method": null, "timestamp": "2026-08-10 12:19:16,766", "logger_name": "db_logger"}
{"message": "Closing database connection...", "url": null, "method": null, "timestamp": "2026-08-10 12:19:16,766", "logger_name": "db_logger"}
{"message": "Establishing database connection...", "url": null, "method": null, "timestamp": "2026-08-10 12:19:16,768", "logger_name": "db_logger"}
{"message": "Closing database connection...", "url": null, "method": null, "timestamp": "2026-08-10 12:19:16,769", "logger_name": "db_logger"}
{"message": "Updating task ID 47", "url": null, "method": null, "timestamp": "2026-08-10 12:19:16,770", "logger_name": "db_logger"}
{"message": "Establishing database connection...", "url": null, "method": null, "timestamp": "2026-08-10 12:19:16,770", "logger_name": "db_logger"}
{"message": "Closing database connection...", "url": null, "method": null, "timestamp": "2026-08-10 12:19:16,774", "logger_name": "db_logger"}
{"message": "Updating task ID 47", "url": null, "method": null, "timestamp": "2026-08-10 12:19:16,775", "logger_name": "db_logger"}
{"message": "Establishing database connection...", "url": null, "method": null, "timestamp": "2026-08-10 12:19:16,775", "logger_name": "db_logger"}
{"message": "Database operation failed: can't subtract offset-naive and offset-aware datetimes", "url": null, "method": null, "timestamp": "2026-08-10 12:19:16,777", "logger_name": "db_logger"}
{"message": "Closing database connection...", "url": null, "method": null, "timestamp": "2026-08-10 12:19:16,777", "logger_name": "db_logger"}
{"message": "Establishing database connection...", "url": null, "method": null, "timestamp": "2026-08-10 12:19:16,778", "logger_name": "db_logger"}
{"message": "Closing database connection...", "url": null, "method": null, "timestamp": "2026-08-10 12:19:16,779", "logger_name": "db_logger"}
{"message": "Reading tasks from database", "url": null, "method": null, "timestamp": "2026-08-10 12:19:16,781", "logger_name": "db_logger"}
{"message": "Establishing database connection...", "url": null, "method": null, "timestamp": "2026-08-10 12:19:16,781", "logger_name": "db_logger"}
{"message": "Closing database connection...", "url": null, "method": null, "timestamp": "2026-08-10 12:19:16,783", "logger_name": "db_logger"}
{"message": "Deleting task ID 32", "url": null, "method": null, "timestamp": "2026-08-10 12:19:16,784", "logger_name": "db_logger"}
{"message": "Establishing database connection...", "url": null, "method": null, "timestamp": "2026-08-10 12:19:16,784", "logger_name": "db_logger"}
{"message": "Closing database connection...", "url": null, "method": null, "timestamp": "2026-08-10 12:19:16,789", "logger_name": "db_logger"}
{"message": "Deleting task ID 34", "url": null, "method": null, "timestamp": "2026-08-10 12:19:16,790", "logger_name": "db_logger"}
{"message": "Establishing database connection...", "url": null, "method": null, "timestamp": "2026-08-10 12:19:16,790", "logger_name": "db_logger"}
{"message": "Closing database connection...", "url": null, "method": null, "timestamp": "2026-08-10 12:19:16,793", "logger_name": "db_logger"}
{"message": "Deleting task ID 27", "url": null, "method": null, "timestamp": "2026-08-10 12:19:16,794", "logger_name": "db_logger"}
{"message": "Establishing database connection...", "url": null, "method": null, "timestamp": "2026-08-10 12:19:16,794", "logger_name": "db_logger"}
{"message": "Closing database connection...", "url": null, "method": null, "timestamp": "2026-08-10 12:19:16,799", "logger_name": "db_logger"}
{"message": "Deleting task ID 29", "url": null, "method": null, "timestamp": "2026-08-10 12:19:16,800", "logger_name": "db_logger"}
{"message": "Establishing database connection...", "url": null, "method": null, "timestamp": "2026-08-10 12:19:16,800", "logger_name": "db_logger"}
{"message": "Closing database connection...", "url": null, "method": null, "timestamp": "2026-08-10 12:19:16,803", "logger_name": "db_logger"}
{"message": "Deleting task ID 37", "url": null, "method": null, "timestamp": "2026-08-10 12:19:16,804", "logger_name": "db_logger"}
{"message": "Establishing database connection...", "url": null, "method": null, "timestamp": "2026-08-10 12:19:16,804", "logger_name": "db_logger"}
{"message": "Closing database connection...", "url": null, "method": null, "timestamp": "2026-08-10 12:19:16,808", "logger_name": "db_logger"}
{"message": "Deleting task ID 39", "url": null, "method": null, "timestamp": "2026-08-10 12:19:16,808", "logger_name": "db_logger"}
{"message": "Establishing database connection...", "url": null, "method": null, "timestamp": "2026-08-10 12:19:16,808", "logger_name": "db_logger"}
{"message": "Closing database connection...", "url": null, "method": null, "timestamp": "2026-08-10 12:19:16,812", "logger_name": "db_logger"}
{"message": "Deleting task ID 40", "url": null, "method": null, "timestamp": "2026-08-10 12:19:16,812", "logger_name": "db_logger"}
{"message": "Establishing database connection...", "url": null, "method": null, "timestamp": "2026-08-10 12:19:16,813", "logger_name": "db_logger"}
{"message": "Closing database connection...", "url": null, "method": null, "timestamp": "2026-08-10 12:19:16,816", "logger_name": "db_logger"}
{"message": "Deleting task ID 41", "url": null, "method": null, "timestamp": "2026-08-10 12:19:16,816", "logger_name": "db_logger"}
{"message": "Establishing database connection...", "url": null, "method": null, "timestamp": "2026-08-10 12:19:16,816", "logger_name": "db_logger"}
{"message": "Closing database connection...", "url": null, "method": null, "timestamp": "2026-08-10 12:19:16,820", "logger_name": "db_logger"}
{"message": "Deleting task ID 43", "url": null, "method": null, "timestamp": "2026-08-10 12:19:16,821", "logger_name": "db_logger"}
{"message": "Establishing database connection...", "url": null, "method": null, "timestamp": "2026-08-10 12:19:16,821", "logger_name": "db_logger"}
{"message": "Closing database connection...", "url": null, "method": null, "timestamp": "2026-08-10 12:19:16,824", "logger_name": "db_logger"}
{"message": "Deleting task ID 45", "url": null, "method": null, "timestamp": "2026-08-10 12:19:16,825", "logger_name": "db_logger"}
{"message": "Establishing database connection...", "url": null, "method": null, "timestamp": "2026-08-10 12:19:16,825", "logger_name": "db_logger"}
{"message": "Closing database connection...", "url": null, "method": null, "timestamp": "2026-08-10 12:19:16,829", "logger_name": "db_logger"}
{"message": "Deleting task ID 46", "url": null, "method": null, "timestamp": "2026-08-10 12:19:16,830", "logger_name": "db_logger"}
{"message": "Establishing database connection...", "url": null, "method": null, "timestamp": "2026-08-10 12:19:16,830", "logger_name": "db_logger"}
{"message": "Closing database connection...", "url": null, "method": null, "timestamp": "2026-08-10 12:19:16,833", "logger_name": "db_logger"}
{"message": "Deleting task ID 47", "url": null, "method": null, "timestamp": "2026-08-10 12:19:16,833", "logger_name": "db_logger"}
{"message": "Establishing database connection...", "url": null, "method": null, "timestamp": "2026-08-10 12:19:16,833", "logger_name": "db_logger"}
{"message": "Closing database connection...", "url": null, "method": null, "timestamp": "2026-08-10 12:19:16,837", "logger_name": "db_logger"}
{"message": "Deleting category: _test_integration", "url": null, "method": null, "timestamp": "2026-08-10 12:19:16,837", "logger_name": "db_logger"}
{"message": "Establishing database connection...", "url": null, "method": null, "timestamp": "2026-08-10 12:19:16,838", "logger_name": "db_logger"}
{"message": "Closing database connection...", "url": null, "method": null, "timestamp": "2026-08-10 12:19:16,841", "logger_name": "db_logger"}
{"message": "Creating category: _test_integration", "url": null, "method": null, "timestamp": "2026-08-10 12:27:15,371", "logger_name": "db_logger"}
{"message": "Establishing database connection...", "url": null, "method": null, "timestamp": "2026-08-10 12:27:15,371", "logger_name": "db_logger"}
{"message": "Closing database connection...", "url": null, "method": null, "timestamp": "2026-08-10 12:27:15,464", "logger_name": "db_logger"}
{"message": "Reading categories from database", "url": null, "method": null, "timestamp": "2026-08-10 12:27:15,467", "logger_name": "db_logger"}
{"message": "Establishing database connection...", "url": null, "method": null, "timestamp": "2026-08-10 12:27:15,468", "logger_name": "db_logger"}
{"message": "Closing database connection...", "url": null, "method": null, "timestamp": "2026-08-10 12:27:15,469", "logger_name": "db_logger"}
{"message": "Creating category: _test_integration", "url": null, "method": null, "timestamp": "2026-08-10 12:27:15,474", "logger_name": "db_logger"}
{"message": "Establishing database connection...", "url": null, "method": null, "timestamp": "2026-08-10 12:27:15,474", "logger_name": "db_logger"}
{"message": "Database operation failed: (psycopg.errors.UniqueViolation) duplicate key value violates unique constraint \"categories_pkey\"\nDETAIL:  Key (category_name)=(_test_integration) already exists.\n[SQL: INSERT INTO categories (category_name) VALUES (%(category_name)s::VARCHAR)]\n[parameters: {'category_name': '_test_integration'}]\n(Background on this error at: https://sqlalche.me/e/20/gkpj)", "url": null, "method": null, "timestamp": "2026-08-10 12:27:15,476", "logger_name": "db_logger"}
{"message": "Closing database connection...", "url": null, "method": null, "timestamp": "2026-08-10 12:27:15,476", "logger_name": "db_logger"}
{"message": "Deleting category: _does_not_exist_xyz", "url": null, "method": null, "timestamp": "2026-08-10 12:27:15,480", "logger_name": "db_logger"}
{"message": "Establishing database connection...", "url": null, "method": null, "timestamp": "2026-08-10 12:27:15,480", "logger_name": "db_logger"}
{"message": "Closing database connection...", "url": null, "method": null, "timestamp": "2026-08-10 12:27:15,484", "logger_name": "db_logger"}
{"message": "Reading tasks from database", "url": null, "method": null, "timestamp": "2026-08-10 12:27:15,487", "logger_name": "db_logger"}
{"message": "Establishing database connection...", "url": null, "method": null, "timestamp": "2026-08-10 12:27:15,488", "logger_name": "db_logger"}
{"message": "Closing database connection...", "url": null, "method": null, "timestamp": "2026-08-10 12:27:15,491", "logger_name": "db_logger"}
{"message": "Creating task: create test", "url": null, "method": null, "timestamp": "2026-08-10 12:27:15,496", "logger_name": "db_logger"}
{"message": "Establishing database connection...", "url": null, "method": null, "timestamp": "2026-08-10 12:27:15,496", "logger_name": "db_logger"}
{"message": "Closing database connection...", "url": null, "method": null, "timestamp": "2026-08-10 12:27:15,514", "logger_name": "db_logger"}
{"message": "Creating task: None", "url": null, "method": null, "timestamp": "2026-08-10 12:27:15,519", "logger_name": "db_logger"}
{"message": "Establishing database connection...", "url": null, "method": null, "timestamp": "2026-08-10 12:27:15,519", "logger_name": "db_logger"}
{"message": "Database operation failed: (psycopg.errors.ForeignKeyViolation) insert or update on table \"tasks\" violates foreign key constraint \"tasks_category_name_fkey\"\nDETAIL:  Key (category_name)=(_nonexistent_cat_xyz) is not present in table \"categories\".\n[SQL: INSERT INTO tasks (category_name, deadline, status, description) VALUES (%(category_name)s::VARCHAR, %(deadline)s::TIMESTAMP WITHOUT TIME ZONE, %(status)s::VARCHAR, %(description)s::VARCHAR) RETURNING tasks.task_id, tasks.created_at]\n[parameters: {'category_name': '_nonexistent_cat_xyz', 'deadline': None, 'status': 'open', 'description': None}]\n(Background on this error at: https://sqlalche.me/e/20/gkpj)", "url": null, "method": null, "timestamp": "2026-08-10 12:27:15,522", "logger_name": "db_logger"}
{"message": "Closing database connection...", "url": null, "method": null, "timestamp": "2026-08-10 12:27:15,522", "logger_name": "db_logger"}
{"message": "Creating task: update test", "url": null, "method": null, "timestamp": "2026-08-10 12:27:15,526", "logger_name": "db_logger"}
{"message": "Establishing database connection...", "url": null, "method": null, "timestamp": "2026-08-10 12:27:15,526", "logger_name": "db_logger"}
{"message": "Closing database connection...", "url": null, "method": null, "timestamp": "2026-08-10 12:27:15,530", "logger_name": "db_logger"}
{"message": "Updating task ID 50", "url": null, "method": null, "timestamp": "2026-08-10 12:27:15,532", "logger_name": "db_logger"}
{"message": "Establishing database connection...", "url": null, "method": null, "timestamp": "2026-08-10 12:27:15,532", "logger_name": "db_logger"}
{"message": "Closing database connection...", "url": null, "method": null, "timestamp": "2026-08-10 12:27:15,542", "logger_name": "db_logger"}
{"message": "Updating task ID 999999", "url": null, "method": null, "timestamp": "2026-08-10 12:27:15,547", "logger_name": "db_logger"}
{"message": "Establishing database connection...", "url": null, "method": null, "timestamp": "2026-08-10 12:27:15,547", "logger_name": "db_logger"}
{"message": "Closing database connection...", "url": null, "method": null, "timestamp": "2026-08-10 12:27:15,549", "logger_name": "db_logger"}
{"message": "Creating task: delete test", "url": null, "method": null, "timestamp": "2026-08-10 12:27:15,552", "logger_name": "db_logger"}
{"message": "Establishing database connection...", "url": null, "method": null, "timestamp": "2026-08-10 12:27:15,553", "logger_name": "db_logger"}
{"message": "Closing database connection...", "url": null, "method": null, "timestamp": "2026-08-10 12:27:15,556", "logger_name": "db_logger"}
{"message": "Deleting task ID 51", "url": null, "method": null, "timestamp": "2026-08-10 12:27:15,557", "logger_name": "db_logger"}
{"message": "Establishing database connection...", "url": null, "method": null, "timestamp": "2026-08-10 12:27:15,557", "logger_name": "db_logger"}
{"message": "Closing database connection...", "url": null, "method": null, "timestamp": "2026-08-10 12:27:15,561", "logger_name": "db_logger"}
{"message": "Deleting task ID 999999", "url": null, "method": null, "timestamp": "2026-08-10 12:27:15,564", "logger_name": "db_logger"}
{"message": "Establishing database connection...", "url": null, "method": null, "timestamp": "2026-08-10 12:27:15,564", "logger_name": "db_logger"}
{"message": "Closing database connection...", "url": null, "method": null, "timestamp": "2026-08-10 12:27:15,565", "logger_name": "db_logger"}
{"message": "Creating task: transition test open->in_progress", "url": null, "method": null, "timestamp": "2026-08-10 12:27:15,569", "logger_name": "db_logger"}
{"message": "Establishing database connection...", "url": null, "method": null, "timestamp": "2026-08-10 12:27:15,569", "logger_name": "db_logger"}
{"message": "Closing database connection...", "url": null, "method": null, "timestamp": "2026-08-10 12:27:15,573", "logger_name": "db_logger"}
{"message": "Updating task ID 52", "url": null, "method": null, "timestamp": "2026-08-10 12:27:15,574", "logger_name": "db_logger"}
{"message": "Establishing database connection...", "url": null, "method": null, "timestamp": "2026-08-10 12:27:15,574", "logger_name": "db_logger"}
{"message": "Closing database connection...", "url": null, "method": null, "timestamp": "2026-08-10 12:27:15,581", "logger_name": "db_logger"}
{"message": "Establishing database connection...", "url": null, "method": null, "timestamp": "2026-08-10 12:27:15,582", "logger_name": "db_logger"}
{"message": "Closing database connection...", "url": null, "method": null, "timestamp": "2026-08-10 12:27:15,583", "logger_name": "db_logger"}
{"message": "Creating task: transition test in_progress->done", "url": null, "method": null, "timestamp": "2026-08-10 12:27:15,587", "logger_name": "db_logger"}
{"message": "Establishing database connection...", "url": null, "method": null, "timestamp": "2026-08-10 12:27:15,587", "logger_name": "db_logger"}
{"message": "Closing database connection...", "url": null, "method": null, "timestamp": "2026-08-10 12:27:15,591", "logger_name": "db_logger"}
{"message": "Updating task ID 53", "url": null, "method": null, "timestamp": "2026-08-10 12:27:15,592", "logger_name": "db_logger"}
{"message": "Establishing database connection...", "url": null, "method": null, "timestamp": "2026-08-10 12:27:15,592", "logger_name": "db_logger"}
{"message": "Closing database connection...", "url": null, "method": null, "timestamp": "2026-08-10 12:27:15,599", "logger_name": "db_logger"}
{"message": "Updating task ID 53", "url": null, "method": null, "timestamp": "2026-08-10 12:27:15,600", "logger_name": "db_logger"}
{"message": "Establishing database connection...", "url": null, "method": null, "timestamp": "2026-08-10 12:27:15,600", "logger_name": "db_logger"}
{"message": "Closing database connection...", "url": null, "method": null, "timestamp": "2026-08-10 12:27:15,606", "logger_name": "db_logger"}
{"message": "Establishing database connection...", "url": null, "method": null, "timestamp": "2026-08-10 12:27:15,607", "logger_name": "db_logger"}
{"message": "Closing database connection...", "url": null, "method": null, "timestamp": "2026-08-10 12:27:15,608", "logger_name": "db_logger"}
{"message": "Creating task: multi-session time test", "url": null, "method": null, "timestamp": "2026-08-10 12:27:15,611", "logger_name": "db_logger"}
{"message": "Establishing database connection...", "url": null, "method": null, "timestamp": "2026-08-10 12:27:15,611", "logger_name": "db_logger"}
{"message": "Closing database connection...", "url": null, "method": null, "timestamp": "2026-08-10 12:27:15,614", "logger_name": "db_logger"}
{"message": "Updating task ID 54", "url": null, "method": null, "timestamp": "2026-08-10 12:27:15,616", "logger_name": "db_logger"}
{"message": "Establishing database connection...", "url": null, "method": null, "timestamp": "2026-08-10 12:27:15,616", "logger_name": "db_logger"}
{"message": "Closing database connection...", "url": null, "method": null, "timestamp": "2026-08-10 12:27:15,621", "logger_name": "db_logger"}
{"message": "Updating task ID 54", "url": null, "method": null, "timestamp": "2026-08-10 12:27:15,622", "logger_name": "db_logger"}
{"message": "Establishing database connection...", "url": null, "method": null, "timestamp": "2026-08-10 12:27:15,622", "logger_name": "db_logger"}
{"message": "Closing database connection...", "url": null, "method": null, "timestamp": "2026-08-10 12:27:15,627", "logger_name": "db_logger"}
{"message": "Establishing database connection...", "url": null, "method": null, "timestamp": "2026-08-10 12:27:15,628", "logger_name": "db_logger"}
{"message": "Closing database connection...", "url": null, "method": null, "timestamp": "2026-08-10 12:27:15,628", "logger_name": "db_logger"}
{"message": "Updating task ID 54", "url": null, "method": null, "timestamp": "2026-08-10 12:27:15,629", "logger_name": "db_logger"}
{"message": "Establishing database connection...", "url": null, "method": null, "timestamp": "2026-08-10 12:27:15,629", "logger_name": "db_logger"}
{"message": "Closing database connection...", "url": null, "method": null, "timestamp": "2026-08-10 12:27:15,635", "logger_name": "db_logger"}
{"message": "Updating task ID 54", "url": null, "method": null, "timestamp": "2026-08-10 12:27:15,637", "logger_name": "db_logger"}
{"message": "Establishing database connection...", "url": null, "method": null, "timestamp": "2026-08-10 12:27:15,637", "logger_name": "db_logger"}
{"message": "Closing database connection...", "url": null, "method": null, "timestamp": "2026-08-10 12:27:15,642", "logger_name": "db_logger"}
{"message": "Establishing database connection...", "url": null, "method": null, "timestamp": "2026-08-10 12:27:15,643", "logger_name": "db_logger"}
{"message": "Closing database connection...", "url": null, "method": null, "timestamp": "2026-08-10 12:27:15,644", "logger_name": "db_logger"}
{"message": "Reading tasks from database", "url": null, "method": null, "timestamp": "2026-08-10 12:27:15,646", "logger_name": "db_logger"}
{"message": "Establishing database connection...", "url": null, "method": null, "timestamp": "2026-08-10 12:27:15,646", "logger_name": "db_logger"}
{"message": "Closing database connection...", "url": null, "method": null, "timestamp": "2026-08-10 12:27:15,647", "logger_name": "db_logger"}
{"message": "Deleting task ID 48", "url": null, "method": null, "timestamp": "2026-08-10 12:27:15,648", "logger_name": "db_logger"}
{"message": "Establishing database connection...", "url": null, "method": null, "timestamp": "2026-08-10 12:27:15,648", "logger_name": "db_logger"}
{"message": "Closing database connection...", "url": null, "method": null, "timestamp": "2026-08-10 12:27:15,651", "logger_name": "db_logger"}
{"message": "Deleting task ID 50", "url": null, "method": null, "timestamp": "2026-08-10 12:27:15,652", "logger_name": "db_logger"}
{"message": "Establishing database connection...", "url": null, "method": null, "timestamp": "2026-08-10 12:27:15,652", "logger_name": "db_logger"}
{"message": "Closing database connection...", "url": null, "method": null, "timestamp": "2026-08-10 12:27:15,656", "logger_name": "db_logger"}
{"message": "Deleting task ID 52", "url": null, "method": null, "timestamp": "2026-08-10 12:27:15,657", "logger_name": "db_logger"}
{"message": "Establishing database connection...", "url": null, "method": null, "timestamp": "2026-08-10 12:27:15,657", "logger_name": "db_logger"}
{"message": "Closing database connection...", "url": null, "method": null, "timestamp": "2026-08-10 12:27:15,662", "logger_name": "db_logger"}
{"message": "Deleting task ID 53", "url": null, "method": null, "timestamp": "2026-08-10 12:27:15,663", "logger_name": "db_logger"}
{"message": "Establishing database connection...", "url": null, "method": null, "timestamp": "2026-08-10 12:27:15,663", "logger_name": "db_logger"}
{"message": "Closing database connection...", "url": null, "method": null, "timestamp": "2026-08-10 12:27:15,667", "logger_name": "db_logger"}
{"message": "Deleting task ID 54", "url": null, "method": null, "timestamp": "2026-08-10 12:27:15,668", "logger_name": "db_logger"}
{"message": "Establishing database connection...", "url": null, "method": null, "timestamp": "2026-08-10 12:27:15,668", "logger_name": "db_logger"}
{"message": "Closing database connection...", "url": null, "method": null, "timestamp": "2026-08-10 12:27:15,671", "logger_name": "db_logger"}
{"message": "Deleting category: _test_integration", "url": null, "method": null, "timestamp": "2026-08-10 12:27:15,672", "logger_name": "db_logger"}
{"message": "Establishing database connection...", "url": null, "method": null, "timestamp": "2026-08-10 12:27:15,672", "logger_name": "db_logger"}
{"message": "Closing database connection...", "url": null, "method": null, "timestamp": "2026-08-10 12:27:15,676", "logger_name": "db_logger"}
